date,RH2M
1999-01-01,0.8637999999999999
1999-01-02,0.8229000000000001
1999-01-03,0.8791
1999-01-04,0.8565999999999999
1999-01-05,0.8669
1999-01-06,0.8965000000000001
1999-01-07,0.8731
1999-01-08,0.8437
1999-01-09,0.7970999999999999
1999-01-10,0.7927
1999-01-11,0.865
1999-01-12,0.8565
1999-01-13,0.9114
1999-01-14,0.8729
1999-01-15,0.8623999999999999
1999-01-16,0.8441
1999-01-17,0.8334999999999999
1999-01-18,0.7646999999999999
1999-01-19,0.7383
1999-01-20,0.7609
1999-01-21,0.7702
1999-01-22,0.7972
1999-01-23,0.767
1999-01-24,0.7635
1999-01-25,0.7694
1999-01-26,0.7509
1999-01-27,0.8371999999999999
1999-01-28,0.8264
1999-01-29,0.7820999999999999
1999-01-30,0.8076000000000001
1999-01-31,0.7798
1999-02-01,0.7746999999999999
1999-02-02,0.708
1999-02-03,0.7118000000000001
1999-02-04,0.7261
1999-02-05,0.6953
1999-02-06,0.7338
1999-02-07,0.8090999999999999
1999-02-08,0.7998000000000001
1999-02-09,0.7759999999999999
1999-02-10,0.7648
1999-02-11,0.7791
1999-02-12,0.7669
1999-02-13,0.8101
1999-02-14,0.7475
1999-02-15,0.6997
1999-02-16,0.6727
1999-02-17,0.6762999999999999
1999-02-18,0.7115
1999-02-19,0.7437999999999999
1999-02-20,0.7569
1999-02-21,0.8573999999999999
1999-02-22,0.8362999999999999
1999-02-23,0.8791
1999-02-24,0.8618000000000001
1999-02-25,0.8683
1999-02-26,0.8944
1999-02-27,0.8351999999999999
1999-02-28,0.8339
1999-03-01,0.8625
1999-03-02,0.8756
1999-03-03,0.8587
1999-03-04,0.8611
1999-03-05,0.9018
1999-03-06,0.9151
1999-03-07,0.9158
1999-03-08,0.8724
1999-03-09,0.7737999999999999
1999-03-10,0.7334
1999-03-11,0.84
1999-03-12,0.8151999999999999
1999-03-13,0.8057
1999-03-14,0.8325
1999-03-15,0.8917
1999-03-16,0.862
1999-03-17,0.8774
1999-03-18,0.8768
1999-03-19,0.8534999999999999
1999-03-20,0.809
1999-03-21,0.8373
1999-03-22,0.8843000000000001
1999-03-23,0.8405
1999-03-24,0.7623000000000001
1999-03-25,0.8094
1999-03-26,0.7801
1999-03-27,0.7585999999999999
1999-03-28,0.7334999999999999
1999-03-29,0.7114
1999-03-30,0.7637
1999-03-31,0.7837000000000001
1999-04-01,0.7772
1999-04-02,0.7929
1999-04-03,0.828
1999-04-04,0.8222
1999-04-05,0.8149
1999-04-06,0.7778
1999-04-07,0.7725
1999-04-08,0.7709999999999999
1999-04-09,0.7569
1999-04-10,0.7918999999999999
1999-04-11,0.7866
1999-04-12,0.7729
1999-04-13,0.7315999999999999
1999-04-14,0.7315
1999-04-15,0.7351000000000001
1999-04-16,0.7942
1999-04-17,0.8099
1999-04-18,0.7049
1999-04-19,0.7345999999999999
1999-04-20,0.8020999999999999
1999-04-21,0.7989
1999-04-22,0.7737
1999-04-23,0.7584000000000001
1999-04-24,0.7646
1999-04-25,0.7454999999999999
1999-04-26,0.7309
1999-04-27,0.6694
1999-04-28,0.6363
1999-04-29,0.7287
1999-04-30,0.6939
1999-05-01,0.6993
1999-05-02,0.737
1999-05-03,0.7463
1999-05-04,0.7154
1999-05-05,0.7069
1999-05-06,0.7088
1999-05-07,0.7315999999999999
1999-05-08,0.7633
1999-05-09,0.7859
1999-05-10,0.797
1999-05-11,0.7739
1999-05-12,0.7151000000000001
1999-05-13,0.7275
1999-05-14,0.6607999999999999
1999-05-15,0.7086
1999-05-16,0.6829999999999999
1999-05-17,0.6234000000000001
1999-05-18,0.6127
1999-05-19,0.6059
1999-05-20,0.6881999999999999
1999-05-21,0.6575
1999-05-22,0.5453
1999-05-23,0.5816
1999-05-24,0.5992000000000001
1999-05-25,0.6173
1999-05-26,0.5861
1999-05-27,0.5445
1999-05-28,0.6047
1999-05-29,0.6183
1999-05-30,0.6468
1999-05-31,0.58
1999-06-01,0.5552
1999-06-02,0.6315
1999-06-03,0.6069
1999-06-04,0.5929
1999-06-05,0.4915
1999-06-06,0.5169
1999-06-07,0.4978
1999-06-08,0.573
1999-06-09,0.6219
1999-06-10,0.6325
1999-06-11,0.6361
1999-06-12,0.5722
1999-06-13,0.5385
1999-06-14,0.5754
1999-06-15,0.5778
1999-06-16,0.5326
1999-06-17,0.5075
1999-06-18,0.44909999999999994
1999-06-19,0.43829999999999997
1999-06-20,0.4703
1999-06-21,0.48219999999999996
1999-06-22,0.5825
1999-06-23,0.5003
1999-06-24,0.44380000000000003
1999-06-25,0.37310000000000004
1999-06-26,0.3544
1999-06-27,0.5117
1999-06-28,0.4535
1999-06-29,0.4407
1999-06-30,0.40009999999999996
1999-07-01,0.45740000000000003
1999-07-02,0.5908
1999-07-03,0.6099
1999-07-04,0.5963
1999-07-05,0.5536
1999-07-06,0.5488000000000001
1999-07-07,0.579
1999-07-08,0.5235
1999-07-09,0.4291
1999-07-10,0.43329999999999996
1999-07-11,0.5429999999999999
1999-07-12,0.5371
1999-07-13,0.5661
1999-07-14,0.6213000000000001
1999-07-15,0.6259
1999-07-16,0.6307
1999-07-17,0.4947
1999-07-18,0.4783
1999-07-19,0.5206000000000001
1999-07-20,0.44310000000000005
1999-07-21,0.41960000000000003
1999-07-22,0.3845
1999-07-23,0.4242
1999-07-24,0.4681
1999-07-25,0.4984
1999-07-26,0.4965
1999-07-27,0.4993
1999-07-28,0.4341
1999-07-29,0.4594
1999-07-30,0.4546
1999-07-31,0.3834
1999-08-01,0.4496
1999-08-02,0.4832
1999-08-03,0.40369999999999995
1999-08-04,0.335
1999-08-05,0.39990000000000003
1999-08-06,0.4537
1999-08-07,0.4012
1999-08-08,0.3688
1999-08-09,0.3287
1999-08-10,0.4139
1999-08-11,0.3889
1999-08-12,0.2636
1999-08-13,0.2732
1999-08-14,0.3298
1999-08-15,0.5041
1999-08-16,0.4926
1999-08-17,0.513
1999-08-18,0.4703
1999-08-19,0.37729999999999997
1999-08-20,0.44270000000000004
1999-08-21,0.5703
1999-08-22,0.5044
1999-08-23,0.36869999999999997
1999-08-24,0.3715
1999-08-25,0.43090000000000006
1999-08-26,0.4891
1999-08-27,0.4254
1999-08-28,0.3446
1999-08-29,0.3095
1999-08-30,0.3004
1999-08-31,0.275
1999-09-01,0.3126
1999-09-02,0.2761
1999-09-03,0.2391
1999-09-04,0.2897
1999-09-05,0.2421
1999-09-06,0.3121
1999-09-07,0.3036
1999-09-08,0.2755
1999-09-09,0.2529
1999-09-10,0.3124
1999-09-11,0.3887
1999-09-12,0.4177
1999-09-13,0.37939999999999996
1999-09-14,0.375
1999-09-15,0.43200000000000005
1999-09-16,0.6281
1999-09-17,0.6164999999999999
1999-09-18,0.5639
1999-09-19,0.5821000000000001
1999-09-20,0.5772999999999999
1999-09-21,0.562
1999-09-22,0.6695
1999-09-23,0.7202
1999-09-24,0.6516
1999-09-25,0.5493
1999-09-26,0.5451
1999-09-27,0.4894
1999-09-28,0.4322
1999-09-29,0.4725
1999-09-30,0.5036
1999-10-01,0.546
1999-10-02,0.5813
1999-10-03,0.6545000000000001
1999-10-04,0.732
1999-10-05,0.6197
1999-10-06,0.5837
1999-10-07,0.547
1999-10-08,0.511
1999-10-09,0.5856
1999-10-10,0.5748
1999-10-11,0.5637
1999-10-12,0.5590999999999999
1999-10-13,0.4677
1999-10-14,0.423
1999-10-15,0.3557
1999-10-16,0.3091
1999-10-17,0.2833
1999-10-18,0.3116
1999-10-19,0.41840000000000005
1999-10-20,0.6043999999999999
1999-10-21,0.5886
1999-10-22,0.5964
1999-10-23,0.6046
1999-10-24,0.6888
1999-10-25,0.7509999999999999
1999-10-26,0.8236
1999-10-27,0.7884
1999-10-28,0.7132999999999999
1999-10-29,0.7134999999999999
1999-10-30,0.7462000000000001
1999-10-31,0.7515000000000001
1999-11-01,0.6812
1999-11-02,0.6478
1999-11-03,0.648
1999-11-04,0.6714
1999-11-05,0.7445999999999999
1999-11-06,0.7818999999999999
1999-11-07,0.81
1999-11-08,0.7925
1999-11-09,0.7264
1999-11-10,0.7326
1999-11-11,0.8007
1999-11-12,0.8311
1999-11-13,0.8319
1999-11-14,0.8208
1999-11-15,0.7433
1999-11-16,0.7454000000000001
1999-11-17,0.7574
1999-11-18,0.7413
1999-11-19,0.8220999999999999
1999-11-20,0.8173999999999999
1999-11-21,0.8114
1999-11-22,0.7781
1999-11-23,0.6901
1999-11-24,0.7511
1999-11-25,0.7856000000000001
1999-11-26,0.77
1999-11-27,0.7556
1999-11-28,0.7755
1999-11-29,0.7748999999999999
1999-11-30,0.8133
1999-12-01,0.7805
1999-12-02,0.8051
1999-12-03,0.8051999999999999
1999-12-04,0.8582
1999-12-05,0.8511
1999-12-06,0.8432
1999-12-07,0.8151999999999999
1999-12-08,0.8079000000000001
1999-12-09,0.7837999999999999
1999-12-10,0.7391
1999-12-11,0.7519
1999-12-12,0.7947
1999-12-13,0.8022
1999-12-14,0.8207
1999-12-15,0.8726
1999-12-16,0.8682
1999-12-17,0.8412999999999999
1999-12-18,0.8012999999999999
1999-12-19,0.7384999999999999
1999-12-20,0.7504000000000001
1999-12-21,0.7595000000000001
1999-12-22,0.8334999999999999
1999-12-23,0.8859999999999999
1999-12-24,0.8979
1999-12-25,0.9026000000000001
1999-12-26,0.8741
1999-12-27,0.8276
1999-12-28,0.8217
1999-12-29,0.8338
1999-12-30,0.8822
1999-12-31,0.8975
2000-01-01,0.9208
2000-01-02,0.8981
2000-01-03,0.8981
2000-01-04,0.8795999999999999
2000-01-05,0.8508
2000-01-06,0.8528
2000-01-07,0.8573000000000001
2000-01-08,0.8327
2000-01-09,0.8678
2000-01-10,0.8759999999999999
2000-01-11,0.8476
2000-01-12,0.7786
2000-01-13,0.7569
2000-01-14,0.7512000000000001
2000-01-15,0.657
2000-01-16,0.6820999999999999
2000-01-17,0.7972
2000-01-18,0.8112999999999999
2000-01-19,0.8393999999999999
2000-01-20,0.9137000000000001
2000-01-21,0.8881999999999999
2000-01-22,0.8701000000000001
2000-01-23,0.8651000000000001
2000-01-24,0.8692
2000-01-25,0.9277
2000-01-26,0.882
2000-01-27,0.8879
2000-01-28,0.8571
2000-01-29,0.8076000000000001
2000-01-30,0.8588
2000-01-31,0.8432999999999999
2000-02-01,0.8946999999999999
2000-02-02,0.9017000000000001
2000-02-03,0.8979
2000-02-04,0.8778
2000-02-05,0.8515
2000-02-06,0.8454
2000-02-07,0.9137000000000001
2000-02-08,0.9017000000000001
2000-02-09,0.8795000000000001
2000-02-10,0.87
2000-02-11,0.9075
2000-02-12,0.8826
2000-02-13,0.8408
2000-02-14,0.8401000000000001
2000-02-15,0.8309000000000001
2000-02-16,0.7843000000000001
2000-02-17,0.7612000000000001
2000-02-18,0.8623999999999999
2000-02-19,0.8462000000000001
2000-02-20,0.8678
2000-02-21,0.8640000000000001
2000-02-22,0.8304
2000-02-23,0.82
2000-02-24,0.8012999999999999
2000-02-25,0.7956
2000-02-26,0.8048000000000001
2000-02-27,0.8417
2000-02-28,0.8806999999999999
2000-02-29,0.8775
2000-03-01,0.8984000000000001
2000-03-02,0.8154
2000-03-03,0.8728
2000-03-04,0.8818
2000-03-05,0.8722
2000-03-06,0.8479000000000001
2000-03-07,0.7866
2000-03-08,0.8173
2000-03-09,0.8708
2000-03-10,0.9146
2000-03-11,0.8862000000000001
2000-03-12,0.9070999999999999
2000-03-13,0.9398000000000001
2000-03-14,0.8772
2000-03-15,0.8595999999999999
2000-03-16,0.9275
2000-03-17,0.8726
2000-03-18,0.8732
2000-03-19,0.8776999999999999
2000-03-20,0.8756
2000-03-21,0.8639
2000-03-22,0.8519
2000-03-23,0.8729
2000-03-24,0.8681
2000-03-25,0.8651000000000001
2000-03-26,0.8554
2000-03-27,0.8545
2000-03-28,0.836
2000-03-29,0.8492000000000001
2000-03-30,0.8469
2000-03-31,0.8495999999999999
2000-04-01,0.8552
2000-04-02,0.8525
2000-04-03,0.8481000000000001
2000-04-04,0.8556999999999999
2000-04-05,0.8648
2000-04-06,0.8582
2000-04-07,0.8488
2000-04-08,0.8504999999999999
2000-04-09,0.8612000000000001
2000-04-10,0.8523999999999999
2000-04-11,0.838
2000-04-12,0.8319
2000-04-13,0.8176000000000001
2000-04-14,0.816
2000-04-15,0.8373999999999999
2000-04-16,0.8162
2000-04-17,0.8626
2000-04-18,0.9262
2000-04-19,0.8354
2000-04-20,0.8447
2000-04-21,0.8645
2000-04-22,0.8042
2000-04-23,0.7879999999999999
2000-04-24,0.7552
2000-04-25,0.7898999999999999
2000-04-26,0.7936
2000-04-27,0.7665000000000001
2000-04-28,0.8137000000000001
2000-04-29,0.8477
2000-04-30,0.8373999999999999
2000-05-01,0.8418000000000001
2000-05-02,0.8512000000000001
2000-05-03,0.8469
2000-05-04,0.8415
2000-05-05,0.8081999999999999
2000-05-06,0.726
2000-05-07,0.7078
2000-05-08,0.754
2000-05-09,0.6988
2000-05-10,0.7837000000000001
2000-05-11,0.7806000000000001
2000-05-12,0.7916
2000-05-13,0.7794
2000-05-14,0.762
2000-05-15,0.7494
2000-05-16,0.6979000000000001
2000-05-17,0.7261
2000-05-18,0.7793000000000001
2000-05-19,0.7448
2000-05-20,0.7218000000000001
2000-05-21,0.782
2000-05-22,0.7906
2000-05-23,0.7746999999999999
2000-05-24,0.7445
2000-05-25,0.7117
2000-05-26,0.6744
2000-05-27,0.648
2000-05-28,0.6861
2000-05-29,0.7218000000000001
2000-05-30,0.6573
2000-05-31,0.6796
2000-06-01,0.6965
2000-06-02,0.675
2000-06-03,0.6927
2000-06-04,0.7514
2000-06-05,0.7323999999999999
2000-06-06,0.7131000000000001
2000-06-07,0.7291
2000-06-08,0.7193999999999999
2000-06-09,0.6875
2000-06-10,0.6515000000000001
2000-06-11,0.6188
2000-06-12,0.6236999999999999
2000-06-13,0.6375
2000-06-14,0.6485
2000-06-15,0.6873999999999999
2000-06-16,0.6470999999999999
2000-06-17,0.5915
2000-06-18,0.5991
2000-06-19,0.6236999999999999
2000-06-20,0.5908
2000-06-21,0.6498999999999999
2000-06-22,0.6376
2000-06-23,0.618
2000-06-24,0.6038
2000-06-25,0.46990000000000004
2000-06-26,0.4386
2000-06-27,0.3924
2000-06-28,0.4556
2000-06-29,0.5633
2000-06-30,0.44939999999999997
2000-07-01,0.49670000000000003
2000-07-02,0.5861999999999999
2000-07-03,0.5354
2000-07-04,0.6139
2000-07-05,0.6578
2000-07-06,0.7249
2000-07-07,0.6754000000000001
2000-07-08,0.6583
2000-07-09,0.5837
2000-07-10,0.5617
2000-07-11,0.5273
2000-07-12,0.6159
2000-07-13,0.6764
2000-07-14,0.6413
2000-07-15,0.6675
2000-07-16,0.6351
2000-07-17,0.4225
2000-07-18,0.368
2000-07-19,0.3518
2000-07-20,0.4583
2000-07-21,0.4672
2000-07-22,0.5211
2000-07-23,0.5751
2000-07-24,0.6325999999999999
2000-07-25,0.588
2000-07-26,0.623
2000-07-27,0.5996
2000-07-28,0.5331
2000-07-29,0.4914
2000-07-30,0.4424
2000-07-31,0.35159999999999997
2000-08-01,0.39189999999999997
2000-08-02,0.5147999999999999
2000-08-03,0.4637
2000-08-04,0.4526
2000-08-05,0.5147999999999999
2000-08-06,0.5124
2000-08-07,0.38659999999999994
2000-08-08,0.3298
2000-08-09,0.34759999999999996
2000-08-10,0.39149999999999996
2000-08-11,0.3754
2000-08-12,0.4445
2000-08-13,0.4703
2000-08-14,0.4653
2000-08-15,0.3821
2000-08-16,0.2904
2000-08-17,0.3542
2000-08-18,0.3721
2000-08-19,0.3729
2000-08-20,0.3885
2000-08-21,0.40549999999999997
2000-08-22,0.37799999999999995
2000-08-23,0.3799
2000-08-24,0.43270000000000003
2000-08-25,0.3857
2000-08-26,0.33380000000000004
2000-08-27,0.3529
2000-08-28,0.44670000000000004
2000-08-29,0.6436
2000-08-30,0.7092
2000-08-31,0.6945
2000-09-01,0.6342
2000-09-02,0.6198
2000-09-03,0.764
2000-09-04,0.7365999999999999
2000-09-05,0.7121999999999999
2000-09-06,0.7544
2000-09-07,0.7459
2000-09-08,0.7431
2000-09-09,0.7225
2000-09-10,0.7056999999999999
2000-09-11,0.6925
2000-09-12,0.6746
2000-09-13,0.6662
2000-09-14,0.6605
2000-09-15,0.6746
2000-09-16,0.6312
2000-09-17,0.6121
2000-09-18,0.6134000000000001
2000-09-19,0.5489999999999999
2000-09-20,0.5398
2000-09-21,0.5223
2000-09-22,0.4658
2000-09-23,0.47240000000000004
2000-09-24,0.4551
2000-09-25,0.5156000000000001
2000-09-26,0.6076
2000-09-27,0.6032
2000-09-28,0.6125
2000-09-29,0.5832
2000-09-30,0.5524
2000-10-01,0.5907
2000-10-02,0.5611999999999999
2000-10-03,0.5168
2000-10-04,0.5614
2000-10-05,0.6294
2000-10-06,0.6394
2000-10-07,0.6454000000000001
2000-10-08,0.6133
2000-10-09,0.5887
2000-10-10,0.5083
2000-10-11,0.47240000000000004
2000-10-12,0.44079999999999997
2000-10-13,0.39990000000000003
2000-10-14,0.4182
2000-10-15,0.40009999999999996
2000-10-16,0.43520000000000003
2000-10-17,0.42310000000000003
2000-10-18,0.3892
2000-10-19,0.3653
2000-10-20,0.3505
2000-10-21,0.30210000000000004
2000-10-22,0.3321
2000-10-23,0.44079999999999997
2000-10-24,0.5331
2000-10-25,0.47409999999999997
2000-10-26,0.425
2000-10-27,0.4092
2000-10-28,0.5626
2000-10-29,0.6906
2000-10-30,0.8308
2000-10-31,0.809
2000-11-01,0.7664
2000-11-02,0.7795000000000001
2000-11-03,0.7570999999999999
2000-11-04,0.8401000000000001
2000-11-05,0.8306999999999999
2000-11-06,0.8604999999999999
2000-11-07,0.8582
2000-11-08,0.8051999999999999
2000-11-09,0.7884
2000-11-10,0.7940999999999999
2000-11-11,0.7934
2000-11-12,0.7986
2000-11-13,0.8370000000000001
2000-11-14,0.9061
2000-11-15,0.8219
2000-11-16,0.8362
2000-11-17,0.8772
2000-11-18,0.8064
2000-11-19,0.7826000000000001
2000-11-20,0.7731999999999999
2000-11-21,0.7753
2000-11-22,0.7997
2000-11-23,0.7615999999999999
2000-11-24,0.7212000000000001
2000-11-25,0.6984
2000-11-26,0.76
2000-11-27,0.8197
2000-11-28,0.8066
2000-11-29,0.8242
2000-11-30,0.8220000000000001
2000-12-01,0.8662000000000001
2000-12-02,0.8456
2000-12-03,0.8331999999999999
2000-12-04,0.8318000000000001
2000-12-05,0.8837999999999999
2000-12-06,0.8694
2000-12-07,0.8254
2000-12-08,0.8784000000000001
2000-12-09,0.8556999999999999
2000-12-10,0.8785
2000-12-11,0.8785
2000-12-12,0.9048999999999999
2000-12-13,0.888
2000-12-14,0.9372
2000-12-15,0.8876999999999999
2000-12-16,0.9081999999999999
2000-12-17,0.8835999999999999
2000-12-18,0.8808
2000-12-19,0.871
2000-12-20,0.8554999999999999
2000-12-21,0.8445999999999999
2000-12-22,0.8462000000000001
2000-12-23,0.8273
2000-12-24,0.8416
2000-12-25,0.8072
2000-12-26,0.7633
2000-12-27,0.7179000000000001
2000-12-28,0.7297
2000-12-29,0.7857999999999999
2000-12-30,0.8305
2000-12-31,0.8323999999999999
2001-01-01,0.9240999999999999
2001-01-02,0.8756
2001-01-03,0.868
2001-01-04,0.8175
2001-01-05,0.8022
2001-01-06,0.7487999999999999
2001-01-07,0.7787999999999999
2001-01-08,0.8393
2001-01-09,0.7954000000000001
2001-01-10,0.7785
2001-01-11,0.8843000000000001
2001-01-12,0.8112999999999999
2001-01-13,0.7746999999999999
2001-01-14,0.7955
2001-01-15,0.8077
2001-01-16,0.7698999999999999
2001-01-17,0.8353
2001-01-18,0.7237
2001-01-19,0.7487
2001-01-20,0.7378
2001-01-21,0.8084
2001-01-22,0.8479000000000001
2001-01-23,0.8005
2001-01-24,0.7922
2001-01-25,0.8388
2001-01-26,0.7804000000000001
2001-01-27,0.7325
2001-01-28,0.7265
2001-01-29,0.7643000000000001
2001-01-30,0.8101
2001-01-31,0.7383
2001-02-01,0.8308
2001-02-02,0.7907
2001-02-03,0.7709
2001-02-04,0.7086
2001-02-05,0.6781
2001-02-06,0.759
2001-02-07,0.7924
2001-02-08,0.787
2001-02-09,0.8361
2001-02-10,0.7504000000000001
2001-02-11,0.6372
2001-02-12,0.5614
2001-02-13,0.633
2001-02-14,0.7763
2001-02-15,0.7796
2001-02-16,0.8229000000000001
2001-02-17,0.7659
2001-02-18,0.7365
2001-02-19,0.6722
2001-02-20,0.7125
2001-02-21,0.7272
2001-02-22,0.7712
2001-02-23,0.7142000000000001
2001-02-24,0.7353000000000001
2001-02-25,0.7831999999999999
2001-02-26,0.83
2001-02-27,0.8008
2001-02-28,0.8093
2001-03-01,0.8165
2001-03-02,0.8251999999999999
2001-03-03,0.8247
2001-03-04,0.8613
2001-03-05,0.8539
2001-03-06,0.8504999999999999
2001-03-07,0.7983
2001-03-08,0.7795000000000001
2001-03-09,0.7984
2001-03-10,0.8436
2001-03-11,0.9255
2001-03-12,0.8726
2001-03-13,0.8946
2001-03-14,0.8774
2001-03-15,0.8639
2001-03-16,0.8515999999999999
2001-03-17,0.8079000000000001
2001-03-18,0.7373000000000001
2001-03-19,0.8349
2001-03-20,0.8708
2001-03-21,0.8081
2001-03-22,0.7428
2001-03-23,0.7212000000000001
2001-03-24,0.7261
2001-03-25,0.6945999999999999
2001-03-26,0.7012
2001-03-27,0.7494
2001-03-28,0.7856000000000001
2001-03-29,0.8893000000000001
2001-03-30,0.8798999999999999
2001-03-31,0.8338
2001-04-01,0.7920999999999999
2001-04-02,0.7757999999999999
2001-04-03,0.8201999999999999
2001-04-04,0.8323999999999999
2001-04-05,0.7963
2001-04-06,0.7985
2001-04-07,0.7973
2001-04-08,0.7569
2001-04-09,0.7190000000000001
2001-04-10,0.6175999999999999
2001-04-11,0.7156
2001-04-12,0.7748999999999999
2001-04-13,0.7798
2001-04-14,0.8266
2001-04-15,0.7938
2001-04-16,0.7875
2001-04-17,0.7834
2001-04-18,0.7576999999999999
2001-04-19,0.727
2001-04-20,0.6942
2001-04-21,0.7478
2001-04-22,0.76
2001-04-23,0.7275
2001-04-24,0.7117
2001-04-25,0.7067
2001-04-26,0.6768000000000001
2001-04-27,0.7023
2001-04-28,0.6502
2001-04-29,0.6547
2001-04-30,0.6520999999999999
2001-05-01,0.7151000000000001
2001-05-02,0.6820999999999999
2001-05-03,0.6904
2001-05-04,0.682
2001-05-05,0.7261
2001-05-06,0.6923999999999999
2001-05-07,0.6498999999999999
2001-05-08,0.6435
2001-05-09,0.6199
2001-05-10,0.6663
2001-05-11,0.6692
2001-05-12,0.6509999999999999
2001-05-13,0.7474
2001-05-14,0.7476999999999999
2001-05-15,0.7261
2001-05-16,0.8072
2001-05-17,0.8508
2001-05-18,0.7898000000000001
2001-05-19,0.7293999999999999
2001-05-20,0.59
2001-05-21,0.6162
2001-05-22,0.6076
2001-05-23,0.6139
2001-05-24,0.6579
2001-05-25,0.6628000000000001
2001-05-26,0.6912999999999999
2001-05-27,0.7593000000000001
2001-05-28,0.7382
2001-05-29,0.7054
2001-05-30,0.7156
2001-05-31,0.6537000000000001
2001-06-01,0.6365
2001-06-02,0.6149
2001-06-03,0.7103
2001-06-04,0.7045999999999999
2001-06-05,0.6546
2001-06-06,0.5997
2001-06-07,0.6299
2001-06-08,0.5769
2001-06-09,0.6102000000000001
2001-06-10,0.5760000000000001
2001-06-11,0.5739
2001-06-12,0.608
2001-06-13,0.6152000000000001
2001-06-14,0.5484
2001-06-15,0.5336
2001-06-16,0.5221
2001-06-17,0.495
2001-06-18,0.4996
2001-06-19,0.5175
2001-06-20,0.58
2001-06-21,0.6378
2001-06-22,0.5722999999999999
2001-06-23,0.5927
2001-06-24,0.5865
2001-06-25,0.5618
2001-06-26,0.48590000000000005
2001-06-27,0.6402
2001-06-28,0.4865
2001-06-29,0.45039999999999997
2001-06-30,0.4913
2001-07-01,0.462
2001-07-02,0.4353
2001-07-03,0.4249
2001-07-04,0.4226
2001-07-05,0.3712
2001-07-06,0.36060000000000003
2001-07-07,0.5428999999999999
2001-07-08,0.5798
2001-07-09,0.5287
2001-07-10,0.4264
2001-07-11,0.4393
2001-07-12,0.38549999999999995
2001-07-13,0.4792
2001-07-14,0.4692
2001-07-15,0.43060000000000004
2001-07-16,0.4263
2001-07-17,0.4557
2001-07-18,0.507
2001-07-19,0.44229999999999997
2001-07-20,0.3995
2001-07-21,0.38
2001-07-22,0.3857
2001-07-23,0.3788
2001-07-24,0.48219999999999996
2001-07-25,0.48
2001-07-26,0.4661
2001-07-27,0.4121
2001-07-28,0.4979
2001-07-29,0.4182
2001-07-30,0.556
2001-07-31,0.588
2001-08-01,0.49950000000000006
2001-08-02,0.426
2001-08-03,0.47340000000000004
2001-08-04,0.46740000000000004
2001-08-05,0.4434
2001-08-06,0.3907
2001-08-07,0.3613
2001-08-08,0.42479999999999996
2001-08-09,0.3835
2001-08-10,0.39289999999999997
2001-08-11,0.40869999999999995
2001-08-12,0.4353
2001-08-13,0.4536
2001-08-14,0.4708
2001-08-15,0.4228
2001-08-16,0.4307
2001-08-17,0.43119999999999997
2001-08-18,0.43310000000000004
2001-08-19,0.5068
2001-08-20,0.4326
2001-08-21,0.42619999999999997
2001-08-22,0.3452
2001-08-23,0.35240000000000005
2001-08-24,0.38130000000000003
2001-08-25,0.4379
2001-08-26,0.4501
2001-08-27,0.4353
2001-08-28,0.4071
2001-08-29,0.5215
2001-08-30,0.6684
2001-08-31,0.6203
2001-09-01,0.5753
2001-09-02,0.5390999999999999
2001-09-03,0.5522
2001-09-04,0.5224
2001-09-05,0.457
2001-09-06,0.4264
2001-09-07,0.4277
2001-09-08,0.4158
2001-09-09,0.36119999999999997
2001-09-10,0.32049999999999995
2001-09-11,0.3028
2001-09-12,0.3712
2001-09-13,0.4653
2001-09-14,0.555
2001-09-15,0.6141
2001-09-16,0.7338
2001-09-17,0.46759999999999996
2001-09-18,0.48219999999999996
2001-09-19,0.5246999999999999
2001-09-20,0.474
2001-09-21,0.40880000000000005
2001-09-22,0.386
2001-09-23,0.3821
2001-09-24,0.4451
2001-09-25,0.5765
2001-09-26,0.5941
2001-09-27,0.6383
2001-09-28,0.6639
2001-09-29,0.8090999999999999
2001-09-30,0.7273999999999999
2001-10-01,0.7034
2001-10-02,0.6275
2001-10-03,0.6182
2001-10-04,0.6535
2001-10-05,0.6431
2001-10-06,0.5977
2001-10-07,0.6494
2001-10-08,0.6744
2001-10-09,0.7476999999999999
2001-10-10,0.7239
2001-10-11,0.6977
2001-10-12,0.7175
2001-10-13,0.7231000000000001
2001-10-14,0.695
2001-10-15,0.6916
2001-10-16,0.7888
2001-10-17,0.7903
2001-10-18,0.8412000000000001
2001-10-19,0.8771
2001-10-20,0.8051
2001-10-21,0.8123
2001-10-22,0.7951
2001-10-23,0.713
2001-10-24,0.6027
2001-10-25,0.6622
2001-10-26,0.6543000000000001
2001-10-27,0.5416
2001-10-28,0.5161
2001-10-29,0.5106
2001-10-30,0.5355
2001-10-31,0.5578
2001-11-01,0.6194
2001-11-02,0.7106999999999999
2001-11-03,0.8076000000000001
2001-11-04,0.7848
2001-11-05,0.7439
2001-11-06,0.7031999999999999
2001-11-07,0.7347
2001-11-08,0.7901
2001-11-09,0.7852
2001-11-10,0.7415999999999999
2001-11-11,0.7051000000000001
2001-11-12,0.7411
2001-11-13,0.7515999999999999
2001-11-14,0.7667
2001-11-15,0.7924
2001-11-16,0.7664
2001-11-17,0.7762
2001-11-18,0.8978
2001-11-19,0.8441
2001-11-20,0.8447
2001-11-21,0.8327
2001-11-22,0.8086
2001-11-23,0.7935
2001-11-24,0.8514
2001-11-25,0.8264
2001-11-26,0.8402
2001-11-27,0.7984
2001-11-28,0.7754000000000001
2001-11-29,0.8454
2001-11-30,0.8956999999999999
2001-12-01,0.868
2001-12-02,0.8423999999999999
2001-12-03,0.8151
2001-12-04,0.8123
2001-12-05,0.7946
2001-12-06,0.8259000000000001
2001-12-07,0.7883
2001-12-08,0.7689
2001-12-09,0.7268000000000001
2001-12-10,0.7016
2001-12-11,0.7828
2001-12-12,0.7236
2001-12-13,0.6937000000000001
2001-12-14,0.846
2001-12-15,0.8513
2001-12-16,0.8126000000000001
2001-12-17,0.8116
2001-12-18,0.8353
2001-12-19,0.8412999999999999
2001-12-20,0.8647
2001-12-21,0.8747
2001-12-22,0.8572
2001-12-23,0.8236
2001-12-24,0.8188
2001-12-25,0.7970999999999999
2001-12-26,0.8262999999999999
2001-12-27,0.8370000000000001
2001-12-28,0.8451000000000001
2001-12-29,0.8998999999999999
2001-12-30,0.8931
2001-12-31,0.8826
2002-01-01,0.8986
2002-01-02,0.8673000000000001
2002-01-03,0.8706
2002-01-04,0.7729
2002-01-05,0.7807999999999999
2002-01-06,0.831
2002-01-07,0.8469
2002-01-08,0.8648
2002-01-09,0.8759
2002-01-10,0.8445999999999999
2002-01-11,0.8835999999999999
2002-01-12,0.8891
2002-01-13,0.9065000000000001
2002-01-14,0.8961
2002-01-15,0.9015000000000001
2002-01-16,0.8978
2002-01-17,0.9059
2002-01-18,0.8853
2002-01-19,0.8918
2002-01-20,0.8642
2002-01-21,0.8058
2002-01-22,0.8168000000000001
2002-01-23,0.7692
2002-01-24,0.7139
2002-01-25,0.6629
2002-01-26,0.6939
2002-01-27,0.7923
2002-01-28,0.8017
2002-01-29,0.7867000000000001
2002-01-30,0.8237000000000001
2002-01-31,0.8964
2002-02-01,0.8299
2002-02-02,0.8297
2002-02-03,0.8737999999999999
2002-02-04,0.8837
2002-02-05,0.85
2002-02-06,0.8269
2002-02-07,0.8815000000000001
2002-02-08,0.8872
2002-02-09,0.903
2002-02-10,0.8652
2002-02-11,0.8289
2002-02-12,0.8549
2002-02-13,0.8240000000000001
2002-02-14,0.8418000000000001
2002-02-15,0.8401000000000001
2002-02-16,0.8210999999999999
2002-02-17,0.7865000000000001
2002-02-18,0.8034
2002-02-19,0.848
2002-02-20,0.812
2002-02-21,0.8153
2002-02-22,0.8465
2002-02-23,0.8351999999999999
2002-02-24,0.8003
2002-02-25,0.8398
2002-02-26,0.889
2002-02-27,0.848
2002-02-28,0.7811
2002-03-01,0.7768999999999999
2002-03-02,0.7824
2002-03-03,0.8101
2002-03-04,0.8390000000000001
2002-03-05,0.8449
2002-03-06,0.7796
2002-03-07,0.8029999999999999
2002-03-08,0.8336
2002-03-09,0.8142
2002-03-10,0.8176000000000001
2002-03-11,0.8247
2002-03-12,0.8309000000000001
2002-03-13,0.8097
2002-03-14,0.7909
2002-03-15,0.8217
2002-03-16,0.8016
2002-03-17,0.8017
2002-03-18,0.8099
2002-03-19,0.8747
2002-03-20,0.809
2002-03-21,0.7719
2002-03-22,0.8728
2002-03-23,0.8818
2002-03-24,0.8565
2002-03-25,0.8416
2002-03-26,0.8434
2002-03-27,0.8613
2002-03-28,0.847
2002-03-29,0.848
2002-03-30,0.8287
2002-03-31,0.8203
2002-04-01,0.7829
2002-04-02,0.7855
2002-04-03,0.8134999999999999
2002-04-04,0.8320000000000001
2002-04-05,0.8181999999999999
2002-04-06,0.7831999999999999
2002-04-07,0.7463
2002-04-08,0.7265999999999999
2002-04-09,0.7843000000000001
2002-04-10,0.7906
2002-04-11,0.8242
2002-04-12,0.8365
2002-04-13,0.8367
2002-04-14,0.8423
2002-04-15,0.8395
2002-04-16,0.8388
2002-04-17,0.8488
2002-04-18,0.8287
2002-04-19,0.8112999999999999
2002-04-20,0.8181
2002-04-21,0.7829
2002-04-22,0.7798999999999999
2002-04-23,0.7920999999999999
2002-04-24,0.7864
2002-04-25,0.7656000000000001
2002-04-26,0.7644
2002-04-27,0.777
2002-04-28,0.6867
2002-04-29,0.6962999999999999
2002-04-30,0.6301
2002-05-01,0.6965
2002-05-02,0.752
2002-05-03,0.6918000000000001
2002-05-04,0.6256
2002-05-05,0.7487
2002-05-06,0.7716
2002-05-07,0.757
2002-05-08,0.7242000000000001
2002-05-09,0.7672
2002-05-10,0.7617
2002-05-11,0.7216
2002-05-12,0.7766
2002-05-13,0.7674
2002-05-14,0.7126
2002-05-15,0.6849
2002-05-16,0.6356
2002-05-17,0.6697
2002-05-18,0.662
2002-05-19,0.621
2002-05-20,0.6486
2002-05-21,0.7913
2002-05-22,0.7541
2002-05-23,0.7707999999999999
2002-05-24,0.7498999999999999
2002-05-25,0.6859000000000001
2002-05-26,0.6455
2002-05-27,0.6286
2002-05-28,0.6273
2002-05-29,0.6565000000000001
2002-05-30,0.6443000000000001
2002-05-31,0.625
2002-06-01,0.6158
2002-06-02,0.634
2002-06-03,0.6211
2002-06-04,0.6453
2002-06-05,0.608
2002-06-06,0.5878
2002-06-07,0.5975
2002-06-08,0.6183
2002-06-09,0.6945999999999999
2002-06-10,0.6201
2002-06-11,0.5929
2002-06-12,0.44670000000000004
2002-06-13,0.48969999999999997
2002-06-14,0.491
2002-06-15,0.5356000000000001
2002-06-16,0.5929
2002-06-17,0.5489999999999999
2002-06-18,0.5575
2002-06-19,0.5729
2002-06-20,0.6015999999999999
2002-06-21,0.5596
2002-06-22,0.5611999999999999
2002-06-23,0.6796
2002-06-24,0.6213000000000001
2002-06-25,0.48200000000000004
2002-06-26,0.5822999999999999
2002-06-27,0.6103999999999999
2002-06-28,0.5964
2002-06-29,0.5463
2002-06-30,0.5474
2002-07-01,0.5007
2002-07-02,0.4805
2002-07-03,0.6004999999999999
2002-07-04,0.6159
2002-07-05,0.636
2002-07-06,0.5114
2002-07-07,0.48969999999999997
2002-07-08,0.5700999999999999
2002-07-09,0.5183
2002-07-10,0.4986
2002-07-11,0.5533
2002-07-12,0.4869
2002-07-13,0.5406
2002-07-14,0.5235
2002-07-15,0.48350000000000004
2002-07-16,0.5216
2002-07-17,0.5186999999999999
2002-07-18,0.4464
2002-07-19,0.4678
2002-07-20,0.46090000000000003
2002-07-21,0.4608
2002-07-22,0.43689999999999996
2002-07-23,0.42840000000000006
2002-07-24,0.4551
2002-07-25,0.46880000000000005
2002-07-26,0.4678
2002-07-27,0.4621
2002-07-28,0.3898
2002-07-29,0.37670000000000003
2002-07-30,0.5479999999999999
2002-07-31,0.5326
2002-08-01,0.4042
2002-08-02,0.41240000000000004
2002-08-03,0.37670000000000003
2002-08-04,0.3685
2002-08-05,0.36210000000000003
2002-08-06,0.3206
2002-08-07,0.2763
2002-08-08,0.31
2002-08-09,0.3649
2002-08-10,0.3489
2002-08-11,0.3811
2002-08-12,0.355
2002-08-13,0.35409999999999997
2002-08-14,0.3308
2002-08-15,0.36479999999999996
2002-08-16,0.38130000000000003
2002-08-17,0.3709
2002-08-18,0.4129
2002-08-19,0.4347
2002-08-20,0.4266
2002-08-21,0.43939999999999996
2002-08-22,0.4147
2002-08-23,0.415
2002-08-24,0.3883
2002-08-25,0.3994
2002-08-26,0.40509999999999996
2002-08-27,0.47090000000000004
2002-08-28,0.48200000000000004
2002-08-29,0.4314
2002-08-30,0.40009999999999996
2002-08-31,0.37579999999999997
2002-09-01,0.514
2002-09-02,0.39759999999999995
2002-09-03,0.2666
2002-09-04,0.2912
2002-09-05,0.5710000000000001
2002-09-06,0.6129
2002-09-07,0.69
2002-09-08,0.6415000000000001
2002-09-09,0.6406999999999999
2002-09-10,0.5528
2002-09-11,0.5593
2002-09-12,0.5529
2002-09-13,0.4328
2002-09-14,0.4
2002-09-15,0.3865
2002-09-16,0.4229
2002-09-17,0.4315
2002-09-18,0.3249
2002-09-19,0.3778
2002-09-20,0.3791
2002-09-21,0.3884
2002-09-22,0.5246999999999999
2002-09-23,0.633
2002-09-24,0.7634000000000001
2002-09-25,0.6984
2002-09-26,0.6187
2002-09-27,0.5761999999999999
2002-09-28,0.5318
2002-09-29,0.5445
2002-09-30,0.5273
2002-10-01,0.48369999999999996
2002-10-02,0.5658
2002-10-03,0.5511
2002-10-04,0.5341
2002-10-05,0.5991
2002-10-06,0.6108
2002-10-07,0.49689999999999995
2002-10-08,0.46659999999999996
2002-10-09,0.3925
2002-10-10,0.3832
2002-10-11,0.3468
2002-10-12,0.3444
2002-10-13,0.3066
2002-10-14,0.3126
2002-10-15,0.2904
2002-10-16,0.299
2002-10-17,0.3578
2002-10-18,0.431
2002-10-19,0.32189999999999996
2002-10-20,0.29710000000000003
2002-10-21,0.2872
2002-10-22,0.31170000000000003
2002-10-23,0.26
2002-10-24,0.3664
2002-10-25,0.3539
2002-10-26,0.3331
2002-10-27,0.4611
2002-10-28,0.5938
2002-10-29,0.7691
2002-10-30,0.7064
2002-10-31,0.7761
2002-11-01,0.8059000000000001
2002-11-02,0.7354
2002-11-03,0.7476999999999999
2002-11-04,0.8595999999999999
2002-11-05,0.8059999999999999
2002-11-06,0.857
2002-11-07,0.7885
2002-11-08,0.7559999999999999
2002-11-09,0.7631999999999999
2002-11-10,0.7606999999999999
2002-11-11,0.7337
2002-11-12,0.7717
2002-11-13,0.7419
2002-11-14,0.6487
2002-11-15,0.5711999999999999
2002-11-16,0.5841
2002-11-17,0.5954999999999999
2002-11-18,0.7054
2002-11-19,0.752
2002-11-20,0.6761
2002-11-21,0.6367
2002-11-22,0.838
2002-11-23,0.8722
2002-11-24,0.7853
2002-11-25,0.7354999999999999
2002-11-26,0.6801999999999999
2002-11-27,0.6114
2002-11-28,0.6406999999999999
2002-11-29,0.6061
2002-11-30,0.6175
2002-12-01,0.5692
2002-12-02,0.516
2002-12-03,0.6019
2002-12-04,0.5246999999999999
2002-12-05,0.47700000000000004
2002-12-06,0.508
2002-12-07,0.6670999999999999
2002-12-08,0.6405
2002-12-09,0.8003
2002-12-10,0.8484
2002-12-11,0.8885
2002-12-12,0.8640000000000001
2002-12-13,0.8427
2002-12-14,0.8741
2002-12-15,0.8434999999999999
2002-12-16,0.8462999999999999
2002-12-17,0.8258
2002-12-18,0.8059000000000001
2002-12-19,0.8528
2002-12-20,0.7807999999999999
2002-12-21,0.7408
2002-12-22,0.7915000000000001
2002-12-23,0.8347
2002-12-24,0.8056
2002-12-25,0.7879999999999999
2002-12-26,0.8615999999999999
2002-12-27,0.8323999999999999
2002-12-28,0.8468000000000001
2002-12-29,0.8724
2002-12-30,0.8855
2002-12-31,0.8717
2003-01-01,0.8623000000000001
2003-01-02,0.8437
2003-01-03,0.8759
2003-01-04,0.8690000000000001
2003-01-05,0.8854000000000001
2003-01-06,0.8714
2003-01-07,0.8704999999999999
2003-01-08,0.8428
2003-01-09,0.8005
2003-01-10,0.7644
2003-01-11,0.7631
2003-01-12,0.8445999999999999
2003-01-13,0.7985
2003-01-14,0.8306
2003-01-15,0.8522
2003-01-16,0.8726
2003-01-17,0.8959
2003-01-18,0.8427
2003-01-19,0.8672
2003-01-20,0.8781
2003-01-21,0.9063
2003-01-22,0.8698999999999999
2003-01-23,0.8598
2003-01-24,0.8125
2003-01-25,0.8220000000000001
2003-01-26,0.7674
2003-01-27,0.8147
2003-01-28,0.8488
2003-01-29,0.8742
2003-01-30,0.9138
2003-01-31,0.8775
2003-02-01,0.8399
2003-02-02,0.8484999999999999
2003-02-03,0.8879
2003-02-04,0.8464
2003-02-05,0.8495999999999999
2003-02-06,0.8656
2003-02-07,0.8565
2003-02-08,0.8181
2003-02-09,0.7868999999999999
2003-02-10,0.7662
2003-02-11,0.6428
2003-02-12,0.7252
2003-02-13,0.8225
2003-02-14,0.8615
2003-02-15,0.9061
2003-02-16,0.8959
2003-02-17,0.8905
2003-02-18,0.8712000000000001
2003-02-19,0.8645
2003-02-20,0.8606
2003-02-21,0.8105
2003-02-22,0.8368000000000001
2003-02-23,0.8571
2003-02-24,0.8583
2003-02-25,0.8161
2003-02-26,0.7754000000000001
2003-02-27,0.7853
2003-02-28,0.8119
2003-03-01,0.8193
2003-03-02,0.848
2003-03-03,0.8347
2003-03-04,0.8739
2003-03-05,0.8329000000000001
2003-03-06,0.8145
2003-03-07,0.7626000000000001
2003-03-08,0.7876000000000001
2003-03-09,0.8584
2003-03-10,0.8748
2003-03-11,0.8140999999999999
2003-03-12,0.8575
2003-03-13,0.8604999999999999
2003-03-14,0.8486
2003-03-15,0.8533
2003-03-16,0.8207
2003-03-17,0.8026000000000001
2003-03-18,0.8518000000000001
2003-03-19,0.9028
2003-03-20,0.8763
2003-03-21,0.8375
2003-03-22,0.8575
2003-03-23,0.9274
2003-03-24,0.8936
2003-03-25,0.9124
2003-03-26,0.8835
2003-03-27,0.8559
2003-03-28,0.882
2003-03-29,0.8729
2003-03-30,0.9005
2003-03-31,0.852
2003-04-01,0.8461
2003-04-02,0.8409
2003-04-03,0.8145
2003-04-04,0.8745
2003-04-05,0.8439
2003-04-06,0.8573000000000001
2003-04-07,0.8471
2003-04-08,0.8551000000000001
2003-04-09,0.8946999999999999
2003-04-10,0.8733
2003-04-11,0.8497
2003-04-12,0.8785
2003-04-13,0.8595
2003-04-14,0.8847
2003-04-15,0.9123
2003-04-16,0.8695
2003-04-17,0.8636
2003-04-18,0.8631
2003-04-19,0.8449
2003-04-20,0.8332999999999999
2003-04-21,0.8297
2003-04-22,0.8491
2003-04-23,0.8568000000000001
2003-04-24,0.8456999999999999
2003-04-25,0.8425
2003-04-26,0.8234999999999999
2003-04-27,0.8101
2003-04-28,0.7859999999999999
2003-04-29,0.7508
2003-04-30,0.7064
2003-05-01,0.6834
2003-05-02,0.7439
2003-05-03,0.772
2003-05-04,0.8393999999999999
2003-05-05,0.7986
2003-05-06,0.8626
2003-05-07,0.8443
2003-05-08,0.7289
2003-05-09,0.7281
2003-05-10,0.7526
2003-05-11,0.7859
2003-05-12,0.8245
2003-05-13,0.8384
2003-05-14,0.8186
2003-05-15,0.8178
2003-05-16,0.8354
2003-05-17,0.7918999999999999
2003-05-18,0.7437999999999999
2003-05-19,0.7689
2003-05-20,0.7581
2003-05-21,0.7253000000000001
2003-05-22,0.7209
2003-05-23,0.7158
2003-05-24,0.7917000000000001
2003-05-25,0.867
2003-05-26,0.8108
2003-05-27,0.7704000000000001
2003-05-28,0.7901
2003-05-29,0.8126000000000001
2003-05-30,0.8023
2003-05-31,0.8295
2003-06-01,0.8026000000000001
2003-06-02,0.8079000000000001
2003-06-03,0.8049
2003-06-04,0.7918999999999999
2003-06-05,0.7615999999999999
2003-06-06,0.7961
2003-06-07,0.741
2003-06-08,0.706
2003-06-09,0.7120000000000001
2003-06-10,0.752
2003-06-11,0.703
2003-06-12,0.7170000000000001
2003-06-13,0.6776000000000001
2003-06-14,0.6748999999999999
2003-06-15,0.6371
2003-06-16,0.6394
2003-06-17,0.6639
2003-06-18,0.6365999999999999
2003-06-19,0.5760000000000001
2003-06-20,0.5556
2003-06-21,0.5634
2003-06-22,0.6273
2003-06-23,0.57
2003-06-24,0.5516
2003-06-25,0.631
2003-06-26,0.6381
2003-06-27,0.588
2003-06-28,0.5262
2003-06-29,0.5191
2003-06-30,0.5047
2003-07-01,0.5977
2003-07-02,0.5625
2003-07-03,0.4991
2003-07-04,0.4385
2003-07-05,0.429
2003-07-06,0.45159999999999995
2003-07-07,0.46399999999999997
2003-07-08,0.47100000000000003
2003-07-09,0.4572
2003-07-10,0.486
2003-07-11,0.49689999999999995
2003-07-12,0.6234000000000001
2003-07-13,0.6509
2003-07-14,0.6566
2003-07-15,0.6579
2003-07-16,0.6228
2003-07-17,0.6128
2003-07-18,0.5942000000000001
2003-07-19,0.5648
2003-07-20,0.49119999999999997
2003-07-21,0.4828
2003-07-22,0.5405
2003-07-23,0.5793
2003-07-24,0.5528
2003-07-25,0.5769
2003-07-26,0.5635
2003-07-27,0.5425
2003-07-28,0.5724
2003-07-29,0.5598
2003-07-30,0.4689
2003-07-31,0.47869999999999996
2003-08-01,0.5589999999999999
2003-08-02,0.5347
2003-08-03,0.5339
2003-08-04,0.5529
2003-08-05,0.5161
2003-08-06,0.47740000000000005
2003-08-07,0.4338
2003-08-08,0.4012
2003-08-09,0.3788
2003-08-10,0.39649999999999996
2003-08-11,0.4719
2003-08-12,0.4
2003-08-13,0.4165
2003-08-14,0.4757
2003-08-15,0.4142
2003-08-16,0.5315
2003-08-17,0.4989
2003-08-18,0.3757
2003-08-19,0.5569
2003-08-20,0.5458
2003-08-21,0.48119999999999996
2003-08-22,0.39490000000000003
2003-08-23,0.419
2003-08-24,0.5196000000000001
2003-08-25,0.4401
2003-08-26,0.5878
2003-08-27,0.6153
2003-08-28,0.7059000000000001
2003-08-29,0.5841
2003-08-30,0.6186
2003-08-31,0.6853
2003-09-01,0.6085
2003-09-02,0.6078
2003-09-03,0.6153
2003-09-04,0.5998
2003-09-05,0.5573
2003-09-06,0.4936
2003-09-07,0.4509
2003-09-08,0.4313
2003-09-09,0.39659999999999995
2003-09-10,0.406
2003-09-11,0.47840000000000005
2003-09-12,0.46590000000000004
2003-09-13,0.5178
2003-09-14,0.5408
2003-09-15,0.5806
2003-09-16,0.6167
2003-09-17,0.5792
2003-09-18,0.605
2003-09-19,0.5602
2003-09-20,0.48210000000000003
2003-09-21,0.3953
2003-09-22,0.4436
2003-09-23,0.37450000000000006
2003-09-24,0.2808
2003-09-25,0.24
2003-09-26,0.2446
2003-09-27,0.4192
2003-09-28,0.5506
2003-09-29,0.6381
2003-09-30,0.6379
2003-10-01,0.6189
2003-10-02,0.5677
2003-10-03,0.4819
2003-10-04,0.4536
2003-10-05,0.3775
2003-10-06,0.4029
2003-10-07,0.5584
2003-10-08,0.6633
2003-10-09,0.7428
2003-10-10,0.5513
2003-10-11,0.6291
2003-10-12,0.7119
2003-10-13,0.7456
2003-10-14,0.7006
2003-10-15,0.5875
2003-10-16,0.489
2003-10-17,0.41119999999999995
2003-10-18,0.34759999999999996
2003-10-19,0.3298
2003-10-20,0.2958
2003-10-21,0.3084
2003-10-22,0.5299
2003-10-23,0.728
2003-10-24,0.718
2003-10-25,0.6355
2003-10-26,0.568
2003-10-27,0.621
2003-10-28,0.6077
2003-10-29,0.6548
2003-10-30,0.6899
2003-10-31,0.6678000000000001
2003-11-01,0.6684
2003-11-02,0.7302
2003-11-03,0.7444
2003-11-04,0.7066
2003-11-05,0.7139
2003-11-06,0.8329000000000001
2003-11-07,0.7693000000000001
2003-11-08,0.7309
2003-11-09,0.7039
2003-11-10,0.7376999999999999
2003-11-11,0.7434000000000001
2003-11-12,0.7037
2003-11-13,0.7440000000000001
2003-11-14,0.7038
2003-11-15,0.7277
2003-11-16,0.7587999999999999
2003-11-17,0.7614
2003-11-18,0.7399
2003-11-19,0.7696
2003-11-20,0.8251000000000001
2003-11-21,0.8194
2003-11-22,0.7802
2003-11-23,0.7269
2003-11-24,0.6515000000000001
2003-11-25,0.6903
2003-11-26,0.7619
2003-11-27,0.7617
2003-11-28,0.7847
2003-11-29,0.813
2003-11-30,0.8237000000000001
2003-12-01,0.8125
2003-12-02,0.8064
2003-12-03,0.9118
2003-12-04,0.8167
2003-12-05,0.8020999999999999
2003-12-06,0.8359000000000001
2003-12-07,0.8427
2003-12-08,0.7997
2003-12-09,0.8040999999999999
2003-12-10,0.8097
2003-12-11,0.7071
2003-12-12,0.6516
2003-12-13,0.6495000000000001
2003-12-14,0.662
2003-12-15,0.6128
2003-12-16,0.5806
2003-12-17,0.6141
2003-12-18,0.6229
2003-12-19,0.6129
2003-12-20,0.615
2003-12-21,0.5943999999999999
2003-12-22,0.6886
2003-12-23,0.7501000000000001
2003-12-24,0.7883
2003-12-25,0.8425
2003-12-26,0.8155
2003-12-27,0.8303
2003-12-28,0.7863
2003-12-29,0.7828
2003-12-30,0.7614
2003-12-31,0.7816
2004-01-01,0.8237000000000001
2004-01-02,0.8805
2004-01-03,0.8584
2004-01-04,0.8452
2004-01-05,0.8719
2004-01-06,0.8414
2004-01-07,0.8434999999999999
2004-01-08,0.8698999999999999
2004-01-09,0.8165
2004-01-10,0.8395
2004-01-11,0.8966
2004-01-12,0.9118
2004-01-13,0.9115000000000001
2004-01-14,0.8656999999999999
2004-01-15,0.9059999999999999
2004-01-16,0.9126000000000001
2004-01-17,0.8628
2004-01-18,0.9055
2004-01-19,0.8879
2004-01-20,0.8898
2004-01-21,0.9102
2004-01-22,0.8953
2004-01-23,0.8833
2004-01-24,0.9018999999999999
2004-01-25,0.9158
2004-01-26,0.8936
2004-01-27,0.9437000000000001
2004-01-28,0.9105
2004-01-29,0.8706
2004-01-30,0.8579000000000001
2004-01-31,0.8495
2004-02-01,0.8924
2004-02-02,0.8955
2004-02-03,0.8903
2004-02-04,0.8919
2004-02-05,0.8459
2004-02-06,0.8872
2004-02-07,0.897
2004-02-08,0.9105
2004-02-09,0.9126000000000001
2004-02-10,0.9279999999999999
2004-02-11,0.8984000000000001
2004-02-12,0.9269
2004-02-13,0.8599
2004-02-14,0.9126000000000001
2004-02-15,0.9279000000000001
2004-02-16,0.8943000000000001
2004-02-17,0.8793000000000001
2004-02-18,0.8528
2004-02-19,0.8787999999999999
2004-02-20,0.9305
2004-02-21,0.8783
2004-02-22,0.9296
2004-02-23,0.9434
2004-02-24,0.9111
2004-02-25,0.8105
2004-02-26,0.7848
2004-02-27,0.8412000000000001
2004-02-28,0.8273
2004-02-29,0.8567
2004-03-01,0.755
2004-03-02,0.7883
2004-03-03,0.8039000000000001
2004-03-04,0.857
2004-03-05,0.9194
2004-03-06,0.9083
2004-03-07,0.8591
2004-03-08,0.8491
2004-03-09,0.857
2004-03-10,0.8683
2004-03-11,0.8442000000000001
2004-03-12,0.7970999999999999
2004-03-13,0.8669
2004-03-14,0.8837
2004-03-15,0.8615
2004-03-16,0.8848999999999999
2004-03-17,0.8845000000000001
2004-03-18,0.9042
2004-03-19,0.9072
2004-03-20,0.9259000000000001
2004-03-21,0.8504
2004-03-22,0.8952
2004-03-23,0.8692
2004-03-24,0.8475
2004-03-25,0.8484
2004-03-26,0.8364
2004-03-27,0.9116
2004-03-28,0.852
2004-03-29,0.8220000000000001
2004-03-30,0.8479000000000001
2004-03-31,0.8233
2004-04-01,0.8334
2004-04-02,0.797
2004-04-03,0.8004000000000001
2004-04-04,0.8789
2004-04-05,0.8902
2004-04-06,0.8745999999999999
2004-04-07,0.8912
2004-04-08,0.8848
2004-04-09,0.8390000000000001
2004-04-10,0.8665999999999999
2004-04-11,0.9176000000000001
2004-04-12,0.9001
2004-04-13,0.9181999999999999
2004-04-14,0.93
2004-04-15,0.8851
2004-04-16,0.8914
2004-04-17,0.8820999999999999
2004-04-18,0.8687999999999999
2004-04-19,0.8029000000000001
2004-04-20,0.7842
2004-04-21,0.8404
2004-04-22,0.877
2004-04-23,0.852
2004-04-24,0.8615999999999999
2004-04-25,0.8426
2004-04-26,0.8001
2004-04-27,0.905
2004-04-28,0.8798
2004-04-29,0.872
2004-04-30,0.8277
2004-05-01,0.8008
2004-05-02,0.8504
2004-05-03,0.8767
2004-05-04,0.8477
2004-05-05,0.8493
2004-05-06,0.8239
2004-05-07,0.8297
2004-05-08,0.8721
2004-05-09,0.8586
2004-05-10,0.8625
2004-05-11,0.8643000000000001
2004-05-12,0.8344
2004-05-13,0.8245
2004-05-14,0.8267
2004-05-15,0.8238
2004-05-16,0.89
2004-05-17,0.8818
2004-05-18,0.8644
2004-05-19,0.8687
2004-05-20,0.8698999999999999
2004-05-21,0.86
2004-05-22,0.8682
2004-05-23,0.8762000000000001
2004-05-24,0.8641
2004-05-25,0.8452
2004-05-26,0.8633
2004-05-27,0.8316
2004-05-28,0.8076000000000001
2004-05-29,0.863
2004-05-30,0.8492000000000001
2004-05-31,0.8323
2004-06-01,0.8178
2004-06-02,0.7959
2004-06-03,0.7996
2004-06-04,0.8137000000000001
2004-06-05,0.7395999999999999
2004-06-06,0.7451000000000001
2004-06-07,0.7165
2004-06-08,0.7284999999999999
2004-06-09,0.7731
2004-06-10,0.7998000000000001
2004-06-11,0.7328
2004-06-12,0.7062999999999999
2004-06-13,0.7953
2004-06-14,0.7856000000000001
2004-06-15,0.8264
2004-06-16,0.8328
2004-06-17,0.8051
2004-06-18,0.7644
2004-06-19,0.7893000000000001
2004-06-20,0.8197
2004-06-21,0.7884
2004-06-22,0.7775
2004-06-23,0.7548999999999999
2004-06-24,0.7593000000000001
2004-06-25,0.7589
2004-06-26,0.7073999999999999
2004-06-27,0.7467
2004-06-28,0.7445999999999999
2004-06-29,0.7432
2004-06-30,0.8028
2004-07-01,0.7818999999999999
2004-07-02,0.7406999999999999
2004-07-03,0.7511
2004-07-04,0.7218000000000001
2004-07-05,0.6764
2004-07-06,0.6607
2004-07-07,0.6662
2004-07-08,0.6501
2004-07-09,0.7181000000000001
2004-07-10,0.7282
2004-07-11,0.6977
2004-07-12,0.7703
2004-07-13,0.7722
2004-07-14,0.8161
2004-07-15,0.7186
2004-07-16,0.667
2004-07-17,0.6545000000000001
2004-07-18,0.7193
2004-07-19,0.7193
2004-07-20,0.6452
2004-07-21,0.7095
2004-07-22,0.6873999999999999
2004-07-23,0.665
2004-07-24,0.6294
2004-07-25,0.6394
2004-07-26,0.6147
2004-07-27,0.6405
2004-07-28,0.6357
2004-07-29,0.6334000000000001
2004-07-30,0.5763
2004-07-31,0.5371
2004-08-01,0.4996
2004-08-02,0.5574
2004-08-03,0.5439
2004-08-04,0.5682
2004-08-05,0.6076
2004-08-06,0.6169
2004-08-07,0.5056
2004-08-08,0.49950000000000006
2004-08-09,0.48460000000000003
2004-08-10,0.5917
2004-08-11,0.5693
2004-08-12,0.45880000000000004
2004-08-13,0.5659000000000001
2004-08-14,0.545
2004-08-15,0.5699000000000001
2004-08-16,0.5158
2004-08-17,0.4892
2004-08-18,0.46990000000000004
2004-08-19,0.4204
2004-08-20,0.4286
2004-08-21,0.47240000000000004
2004-08-22,0.42579999999999996
2004-08-23,0.38420000000000004
2004-08-24,0.3298
2004-08-25,0.3513
2004-08-26,0.39840000000000003
2004-08-27,0.42460000000000003
2004-08-28,0.3697
2004-08-29,0.4959
2004-08-30,0.4598
2004-08-31,0.4888
2004-09-01,0.5138
2004-09-02,0.4073
2004-09-03,0.3393
2004-09-04,0.3096
2004-09-05,0.3397
2004-09-06,0.40590000000000004
2004-09-07,0.3679
2004-09-08,0.3371
2004-09-09,0.36469999999999997
2004-09-10,0.3344
2004-09-11,0.2973
2004-09-12,0.3235
2004-09-13,0.45049999999999996
2004-09-14,0.4576
2004-09-15,0.385
2004-09-16,0.37549999999999994
2004-09-17,0.41700000000000004
2004-09-18,0.3782
2004-09-19,0.4078
2004-09-20,0.36700000000000005
2004-09-21,0.3677
2004-09-22,0.3771
2004-09-23,0.3258
2004-09-24,0.2766
2004-09-25,0.2631
2004-09-26,0.2793
2004-09-27,0.2733
2004-09-28,0.22
2004-09-29,0.2382
2004-09-30,0.2571
2004-10-01,0.3195
2004-10-02,0.315
2004-10-03,0.34149999999999997
2004-10-04,0.5324
2004-10-05,0.4515
2004-10-06,0.35450000000000004
2004-10-07,0.3317
2004-10-08,0.3936
2004-10-09,0.46399999999999997
2004-10-10,0.6025
2004-10-11,0.74
2004-10-12,0.7406999999999999
2004-10-13,0.7173999999999999
2004-10-14,0.6479
2004-10-15,0.5201
2004-10-16,0.5225
2004-10-17,0.5421
2004-10-18,0.5915
2004-10-19,0.6496
2004-10-20,0.7177
2004-10-21,0.7911
2004-10-22,0.6873
2004-10-23,0.6239
2004-10-24,0.6557
2004-10-25,0.7559
2004-10-26,0.7626000000000001
2004-10-27,0.7767000000000001
2004-10-28,0.7392
2004-10-29,0.7358
2004-10-30,0.7387
2004-10-31,0.7023999999999999
2004-11-01,0.69
2004-11-02,0.6912999999999999
2004-11-03,0.6543000000000001
2004-11-04,0.679
2004-11-05,0.7023999999999999
2004-11-06,0.7669
2004-11-07,0.7037
2004-11-08,0.7104
2004-11-09,0.6717
2004-11-10,0.6111
2004-11-11,0.6001
2004-11-12,0.7379000000000001
2004-11-13,0.7576
2004-11-14,0.8764
2004-11-15,0.8456999999999999
2004-11-16,0.8123999999999999
2004-11-17,0.7582
2004-11-18,0.7395
2004-11-19,0.7978000000000001
2004-11-20,0.7996
2004-11-21,0.7034
2004-11-22,0.765
2004-11-23,0.7372
2004-11-24,0.7267
2004-11-25,0.7265999999999999
2004-11-26,0.7077
2004-11-27,0.7844
2004-11-28,0.7770999999999999
2004-11-29,0.8306999999999999
2004-11-30,0.8294
2004-12-01,0.8078
2004-12-02,0.8382
2004-12-03,0.8353
2004-12-04,0.7319
2004-12-05,0.7026
2004-12-06,0.6371
2004-12-07,0.7112999999999999
2004-12-08,0.7574
2004-12-09,0.7778
2004-12-10,0.8464
2004-12-11,0.8599
2004-12-12,0.8453
2004-12-13,0.8405
2004-12-14,0.7545999999999999
2004-12-15,0.8046
2004-12-16,0.7715000000000001
2004-12-17,0.8452
2004-12-18,0.8403
2004-12-19,0.8706999999999999
2004-12-20,0.8458
2004-12-21,0.8362
2004-12-22,0.8328
2004-12-23,0.8886
2004-12-24,0.879
2004-12-25,0.8118000000000001
2004-12-26,0.7643000000000001
2004-12-27,0.8056
2004-12-28,0.8414
2004-12-29,0.8136
2004-12-30,0.82
2004-12-31,0.8069
2005-01-01,0.7791
2005-01-02,0.8815999999999999
2005-01-03,0.8662000000000001
2005-01-04,0.8895000000000001
2005-01-05,0.8419
2005-01-06,0.8587
2005-01-07,0.8431000000000001
2005-01-08,0.8532
2005-01-09,0.8698999999999999
2005-01-10,0.7884
2005-01-11,0.8053
2005-01-12,0.8540000000000001
2005-01-13,0.8504999999999999
2005-01-14,0.8835999999999999
2005-01-15,0.8648
2005-01-16,0.8926000000000001
2005-01-17,0.8304
2005-01-18,0.8645999999999999
2005-01-19,0.8584999999999999
2005-01-20,0.8481000000000001
2005-01-21,0.8334
2005-01-22,0.8640000000000001
2005-01-23,0.8157
2005-01-24,0.8128
2005-01-25,0.8265
2005-01-26,0.8256
2005-01-27,0.8412999999999999
2005-01-28,0.8786
2005-01-29,0.904
2005-01-30,0.8690000000000001
2005-01-31,0.8445
2005-02-01,0.86
2005-02-02,0.8937999999999999
2005-02-03,0.8293
2005-02-04,0.8278
2005-02-05,0.7967
2005-02-06,0.7515000000000001
2005-02-07,0.8046
2005-02-08,0.8341
2005-02-09,0.8162999999999999
2005-02-10,0.7929
2005-02-11,0.8672
2005-02-12,0.861
2005-02-13,0.8295999999999999
2005-02-14,0.7927
2005-02-15,0.7529
2005-02-16,0.7545000000000001
2005-02-17,0.8486
2005-02-18,0.8913
2005-02-19,0.8395
2005-02-20,0.8233
2005-02-21,0.7745000000000001
2005-02-22,0.7892
2005-02-23,0.7775
2005-02-24,0.8081999999999999
2005-02-25,0.813
2005-02-26,0.8562000000000001
2005-02-27,0.8753
2005-02-28,0.8079999999999999
2005-03-01,0.8289
2005-03-02,0.8924
2005-03-03,0.8643000000000001
2005-03-04,0.8611
2005-03-05,0.8558
2005-03-06,0.8445999999999999
2005-03-07,0.8726
2005-03-08,0.8481000000000001
2005-03-09,0.8099
2005-03-10,0.8583
2005-03-11,0.8271
2005-03-12,0.8382999999999999
2005-03-13,0.8339
2005-03-14,0.8578
2005-03-15,0.8974
2005-03-16,0.8355
2005-03-17,0.8691
2005-03-18,0.889
2005-03-19,0.8382
2005-03-20,0.8563
2005-03-21,0.8647
2005-03-22,0.8744
2005-03-23,0.8551000000000001
2005-03-24,0.8427
2005-03-25,0.8312999999999999
2005-03-26,0.8189
2005-03-27,0.8069
2005-03-28,0.8521
2005-03-29,0.8712000000000001
2005-03-30,0.8632
2005-03-31,0.8545999999999999
2005-04-01,0.8595
2005-04-02,0.8687999999999999
2005-04-03,0.8388
2005-04-04,0.8116
2005-04-05,0.8177
2005-04-06,0.8528
2005-04-07,0.8422
2005-04-08,0.8270000000000001
2005-04-09,0.8011
2005-04-10,0.8239
2005-04-11,0.8337
2005-04-12,0.8541
2005-04-13,0.8449
2005-04-14,0.8328
2005-04-15,0.8286
2005-04-16,0.8190000000000001
2005-04-17,0.8136
2005-04-18,0.8212999999999999
2005-04-19,0.8273999999999999
2005-04-20,0.8703
2005-04-21,0.8033
2005-04-22,0.8027
2005-04-23,0.8253
2005-04-24,0.8527
2005-04-25,0.8309000000000001
2005-04-26,0.863
2005-04-27,0.8729
2005-04-28,0.8604
2005-04-29,0.9055
2005-04-30,0.8815999999999999
2005-05-01,0.8599
2005-05-02,0.8384
2005-05-03,0.7998000000000001
2005-05-04,0.7847
2005-05-05,0.7595000000000001
2005-05-06,0.7729
2005-05-07,0.7431
2005-05-08,0.7429000000000001
2005-05-09,0.7779
2005-05-10,0.8337
2005-05-11,0.8543999999999999
2005-05-12,0.8290000000000001
2005-05-13,0.8008
2005-05-14,0.7996
2005-05-15,0.8087000000000001
2005-05-16,0.7814
2005-05-17,0.6884
2005-05-18,0.7023999999999999
2005-05-19,0.7322
2005-05-20,0.7084999999999999
2005-05-21,0.7062
2005-05-22,0.6792
2005-05-23,0.6755
2005-05-24,0.7212000000000001
2005-05-25,0.8556
2005-05-26,0.8573000000000001
2005-05-27,0.8708
2005-05-28,0.8086
2005-05-29,0.8234999999999999
2005-05-30,0.7990999999999999
2005-05-31,0.7712
2005-06-01,0.7943000000000001
2005-06-02,0.7898000000000001
2005-06-03,0.7870999999999999
2005-06-04,0.763
2005-06-05,0.7311
2005-06-06,0.7646999999999999
2005-06-07,0.7679
2005-06-08,0.7289
2005-06-09,0.7273999999999999
2005-06-10,0.7199
2005-06-11,0.7104
2005-06-12,0.735
2005-06-13,0.7254999999999999
2005-06-14,0.6784
2005-06-15,0.6728000000000001
2005-06-16,0.6774
2005-06-17,0.6409
2005-06-18,0.6186
2005-06-19,0.6386
2005-06-20,0.6275999999999999
2005-06-21,0.6574
2005-06-22,0.7054
2005-06-23,0.7525
2005-06-24,0.6943
2005-06-25,0.6592
2005-06-26,0.6803
2005-06-27,0.7011
2005-06-28,0.7502
2005-06-29,0.7434000000000001
2005-06-30,0.6895
2005-07-01,0.6065
2005-07-02,0.5171
2005-07-03,0.4841
2005-07-04,0.4819
2005-07-05,0.4542
2005-07-06,0.45530000000000004
2005-07-07,0.5173
2005-07-08,0.6491
2005-07-09,0.6518999999999999
2005-07-10,0.6142
2005-07-11,0.6483
2005-07-12,0.6931999999999999
2005-07-13,0.6335999999999999
2005-07-14,0.5772999999999999
2005-07-15,0.581
2005-07-16,0.6219
2005-07-17,0.5168
2005-07-18,0.5424
2005-07-19,0.593
2005-07-20,0.5837
2005-07-21,0.6049
2005-07-22,0.6031
2005-07-23,0.5623
2005-07-24,0.5426
2005-07-25,0.47619999999999996
2005-07-26,0.48310000000000003
2005-07-27,0.5218
2005-07-28,0.5321
2005-07-29,0.52
2005-07-30,0.5247999999999999
2005-07-31,0.5138
2005-08-01,0.4851
2005-08-02,0.4949
2005-08-03,0.4866
2005-08-04,0.5151
2005-08-05,0.48810000000000003
2005-08-06,0.4714
2005-08-07,0.4679
2005-08-08,0.4465
2005-08-09,0.4033
2005-08-10,0.45770000000000005
2005-08-11,0.3653
2005-08-12,0.3427
2005-08-13,0.38159999999999994
2005-08-14,0.4578
2005-08-15,0.48219999999999996
2005-08-16,0.46520000000000006
2005-08-17,0.4849
2005-08-18,0.46520000000000006
2005-08-19,0.4982
2005-08-20,0.5893
2005-08-21,0.5656
2005-08-22,0.5574
2005-08-23,0.5182
2005-08-24,0.45770000000000005
2005-08-25,0.4485
2005-08-26,0.43229999999999996
2005-08-27,0.436
2005-08-28,0.41869999999999996
2005-08-29,0.3956
2005-08-30,0.3538
2005-08-31,0.3461
2005-09-01,0.3392
2005-09-02,0.4078
2005-09-03,0.4747
2005-09-04,0.41409999999999997
2005-09-05,0.3858
2005-09-06,0.3893
2005-09-07,0.4778
2005-09-08,0.4489
2005-09-09,0.4543
2005-09-10,0.3803
2005-09-11,0.4525
2005-09-12,0.38799999999999996
2005-09-13,0.3663
2005-09-14,0.3746
2005-09-15,0.3983
2005-09-16,0.3951
2005-09-17,0.34600000000000003
2005-09-18,0.3261
2005-09-19,0.3054
2005-09-20,0.331
2005-09-21,0.3555
2005-09-22,0.3582
2005-09-23,0.4556
2005-09-24,0.5897
2005-09-25,0.5965
2005-09-26,0.6901
2005-09-27,0.7304999999999999
2005-09-28,0.7606
2005-09-29,0.6831
2005-09-30,0.6581999999999999
2005-10-01,0.6324000000000001
2005-10-02,0.6007
2005-10-03,0.5411
2005-10-04,0.5518
2005-10-05,0.5637
2005-10-06,0.4965
2005-10-07,0.3923
2005-10-08,0.3689
2005-10-09,0.3638
2005-10-10,0.3411
2005-10-11,0.29109999999999997
2005-10-12,0.3371
2005-10-13,0.4235
2005-10-14,0.3899
2005-10-15,0.3178
2005-10-16,0.2555
2005-10-17,0.24100000000000002
2005-10-18,0.23629999999999998
2005-10-19,0.3895
2005-10-20,0.3432
2005-10-21,0.3093
2005-10-22,0.2784
2005-10-23,0.39270000000000005
2005-10-24,0.3411
2005-10-25,0.3502
2005-10-26,0.331
2005-10-27,0.315
2005-10-28,0.441
2005-10-29,0.6409
2005-10-30,0.7336
2005-10-31,0.6884999999999999
2005-11-01,0.7212000000000001
2005-11-02,0.8267
2005-11-03,0.7848999999999999
2005-11-04,0.7434999999999999
2005-11-05,0.6605
2005-11-06,0.6117
2005-11-07,0.598
2005-11-08,0.5868
2005-11-09,0.6886
2005-11-10,0.8133
2005-11-11,0.7524
2005-11-12,0.7170000000000001
2005-11-13,0.7757999999999999
2005-11-14,0.7493000000000001
2005-11-15,0.7156999999999999
2005-11-16,0.7361
2005-11-17,0.7278
2005-11-18,0.7751
2005-11-19,0.8240999999999999
2005-11-20,0.7363
2005-11-21,0.7492
2005-11-22,0.7681
2005-11-23,0.7774
2005-11-24,0.8387
2005-11-25,0.7989
2005-11-26,0.8526
2005-11-27,0.8593000000000001
2005-11-28,0.8806
2005-11-29,0.8916
2005-11-30,0.9061
2005-12-01,0.8349
2005-12-02,0.7741
2005-12-03,0.8456
2005-12-04,0.866
2005-12-05,0.8761
2005-12-06,0.8692
2005-12-07,0.8273
2005-12-08,0.8848
2005-12-09,0.8733
2005-12-10,0.8842
2005-12-11,0.8954000000000001
2005-12-12,0.8782
2005-12-13,0.905
2005-12-14,0.8759
2005-12-15,0.8815000000000001
2005-12-16,0.8304
2005-12-17,0.8103
2005-12-18,0.8351000000000001
2005-12-19,0.8112
2005-12-20,0.8034
2005-12-21,0.7573000000000001
2005-12-22,0.7945
2005-12-23,0.7359
2005-12-24,0.706
2005-12-25,0.7232
2005-12-26,0.8045
2005-12-27,0.8623999999999999
2005-12-28,0.8597
2005-12-29,0.8776
2005-12-30,0.8504
2005-12-31,0.8648
2006-01-01,0.8251000000000001
2006-01-02,0.8319
2006-01-03,0.8943000000000001
2006-01-04,0.8409
2006-01-05,0.8386
2006-01-06,0.8309000000000001
2006-01-07,0.8603000000000001
2006-01-08,0.8765999999999999
2006-01-09,0.8640000000000001
2006-01-10,0.8542000000000001
2006-01-11,0.8573000000000001
2006-01-12,0.8205
2006-01-13,0.8220999999999999
2006-01-14,0.8173999999999999
2006-01-15,0.7595999999999999
2006-01-16,0.7112
2006-01-17,0.7417
2006-01-18,0.7304999999999999
2006-01-19,0.7595000000000001
2006-01-20,0.7774
2006-01-21,0.7646
2006-01-22,0.7559
2006-01-23,0.6917
2006-01-24,0.6522
2006-01-25,0.6114999999999999
2006-01-26,0.6687000000000001
2006-01-27,0.6949
2006-01-28,0.7668
2006-01-29,0.8023
2006-01-30,0.8592
2006-01-31,0.7752
2006-02-01,0.8490000000000001
2006-02-02,0.8711
2006-02-03,0.8176000000000001
2006-02-04,0.7492
2006-02-05,0.7807
2006-02-06,0.8541
2006-02-07,0.8428
2006-02-08,0.8678
2006-02-09,0.7648
2006-02-10,0.8120999999999999
2006-02-11,0.8698
2006-02-12,0.86
2006-02-13,0.7954000000000001
2006-02-14,0.8286
2006-02-15,0.7981
2006-02-16,0.8289
2006-02-17,0.7872
2006-02-18,0.6951
2006-02-19,0.7837000000000001
2006-02-20,0.8045
2006-02-21,0.9020999999999999
2006-02-22,0.826
2006-02-23,0.8295
2006-02-24,0.8321999999999999
2006-02-25,0.8336
2006-02-26,0.852
2006-02-27,0.8491
2006-02-28,0.8456999999999999
2006-03-01,0.8278
2006-03-02,0.8108
2006-03-03,0.8028
2006-03-04,0.8354
2006-03-05,0.841
2006-03-06,0.8454999999999999
2006-03-07,0.8593999999999999
2006-03-08,0.9027
2006-03-09,0.83
2006-03-10,0.8684000000000001
2006-03-11,0.9152
2006-03-12,0.8793000000000001
2006-03-13,0.8815000000000001
2006-03-14,0.8835999999999999
2006-03-15,0.8486
2006-03-16,0.8995000000000001
2006-03-17,0.9109999999999999
2006-03-18,0.8734000000000001
2006-03-19,0.8563
2006-03-20,0.8598
2006-03-21,0.8573999999999999
2006-03-22,0.8431000000000001
2006-03-23,0.8399
2006-03-24,0.8273999999999999
2006-03-25,0.7731
2006-03-26,0.8084
2006-03-27,0.8568000000000001
2006-03-28,0.8606
2006-03-29,0.8698999999999999
2006-03-30,0.8736
2006-03-31,0.8629000000000001
2006-04-01,0.87
2006-04-02,0.8575
2006-04-03,0.8437
2006-04-04,0.861
2006-04-05,0.8926999999999999
2006-04-06,0.8741
2006-04-07,0.8708
2006-04-08,0.898
2006-04-09,0.8736
2006-04-10,0.8672
2006-04-11,0.8651000000000001
2006-04-12,0.833
2006-04-13,0.8419
2006-04-14,0.8434
2006-04-15,0.8320000000000001
2006-04-16,0.8382999999999999
2006-04-17,0.8316
2006-04-18,0.8428
2006-04-19,0.9003
2006-04-20,0.8571
2006-04-21,0.8416
2006-04-22,0.8076000000000001
2006-04-23,0.8073999999999999
2006-04-24,0.8378
2006-04-25,0.8384
2006-04-26,0.826
2006-04-27,0.8012999999999999
2006-04-28,0.7561
2006-04-29,0.7770999999999999
2006-04-30,0.7931999999999999
2006-05-01,0.7965000000000001
2006-05-02,0.7851
2006-05-03,0.8083
2006-05-04,0.758
2006-05-05,0.7493000000000001
2006-05-06,0.7687999999999999
2006-05-07,0.8117
2006-05-08,0.8628
2006-05-09,0.841
2006-05-10,0.797
2006-05-11,0.8248000000000001
2006-05-12,0.7426
2006-05-13,0.7171
2006-05-14,0.7663
2006-05-15,0.7918000000000001
2006-05-16,0.7905
2006-05-17,0.7211
2006-05-18,0.7415
2006-05-19,0.6297999999999999
2006-05-20,0.6591
2006-05-21,0.7067
2006-05-22,0.7795000000000001
2006-05-23,0.7642
2006-05-24,0.7959
2006-05-25,0.7766
2006-05-26,0.7859
2006-05-27,0.7722
2006-05-28,0.726
2006-05-29,0.6828
2006-05-30,0.6652
2006-05-31,0.632
2006-06-01,0.6809000000000001
2006-06-02,0.7321
2006-06-03,0.763
2006-06-04,0.7482
2006-06-05,0.7073
2006-06-06,0.6879000000000001
2006-06-07,0.6754000000000001
2006-06-08,0.6889
2006-06-09,0.7209
2006-06-10,0.7097
2006-06-11,0.69
2006-06-12,0.6828
2006-06-13,0.7061
2006-06-14,0.7594
2006-06-15,0.7153
2006-06-16,0.6597
2006-06-17,0.6627
2006-06-18,0.67
2006-06-19,0.7004
2006-06-20,0.7182999999999999
2006-06-21,0.7031000000000001
2006-06-22,0.7573000000000001
2006-06-23,0.7376999999999999
2006-06-24,0.7026
2006-06-25,0.7798
2006-06-26,0.6388
2006-06-27,0.6525
2006-06-28,0.6423000000000001
2006-06-29,0.7131000000000001
2006-06-30,0.6848000000000001
2006-07-01,0.6809000000000001
2006-07-02,0.6379
2006-07-03,0.6194
2006-07-04,0.7184999999999999
2006-07-05,0.6822
2006-07-06,0.6164999999999999
2006-07-07,0.6027
2006-07-08,0.6053999999999999
2006-07-09,0.5778
2006-07-10,0.52
2006-07-11,0.4731
2006-07-12,0.59
2006-07-13,0.67
2006-07-14,0.5801
2006-07-15,0.6201
2006-07-16,0.6354
2006-07-17,0.7056
2006-07-18,0.5951
2006-07-19,0.5627
2006-07-20,0.5109
2006-07-21,0.4045
2006-07-22,0.34909999999999997
2006-07-23,0.3741
2006-07-24,0.3923
2006-07-25,0.4925
2006-07-26,0.4692
2006-07-27,0.41619999999999996
2006-07-28,0.4175
2006-07-29,0.40270000000000006
2006-07-30,0.5503
2006-07-31,0.5802
2006-08-01,0.5609000000000001
2006-08-02,0.5544
2006-08-03,0.5408
2006-08-04,0.5503
2006-08-05,0.5046
2006-08-06,0.5277000000000001
2006-08-07,0.5078
2006-08-08,0.4325
2006-08-09,0.46659999999999996
2006-08-10,0.48700000000000004
2006-08-11,0.4765
2006-08-12,0.44229999999999997
2006-08-13,0.4127
2006-08-14,0.4163
2006-08-15,0.3784
2006-08-16,0.38789999999999997
2006-08-17,0.3858
2006-08-18,0.3448
2006-08-19,0.3211
2006-08-20,0.32439999999999997
2006-08-21,0.396
2006-08-22,0.3373
2006-08-23,0.629
2006-08-24,0.5103
2006-08-25,0.49939999999999996
2006-08-26,0.4595
2006-08-27,0.40700000000000003
2006-08-28,0.41340000000000005
2006-08-29,0.47350000000000003
2006-08-30,0.4914
2006-08-31,0.5367999999999999
2006-09-01,0.5406
2006-09-02,0.5700999999999999
2006-09-03,0.5995
2006-09-04,0.6223
2006-09-05,0.48719999999999997
2006-09-06,0.56
2006-09-07,0.6511
2006-09-08,0.5914
2006-09-09,0.5371
2006-09-10,0.47869999999999996
2006-09-11,0.6002000000000001
2006-09-12,0.5674
2006-09-13,0.5033
2006-09-14,0.46240000000000003
2006-09-15,0.465
2006-09-16,0.5067
2006-09-17,0.5024000000000001
2006-09-18,0.5239
2006-09-19,0.6367
2006-09-20,0.6825
2006-09-21,0.7992
2006-09-22,0.7373000000000001
2006-09-23,0.7276
2006-09-24,0.742
2006-09-25,0.6823
2006-09-26,0.7021
2006-09-27,0.6986
2006-09-28,0.6698999999999999
2006-09-29,0.6382
2006-09-30,0.6496
2006-10-01,0.7168000000000001
2006-10-02,0.7265
2006-10-03,0.7506
2006-10-04,0.7502
2006-10-05,0.7531
2006-10-06,0.7712
2006-10-07,0.7903
2006-10-08,0.8434999999999999
2006-10-09,0.8704999999999999
2006-10-10,0.8619
2006-10-11,0.7983
2006-10-12,0.7945
2006-10-13,0.8201
2006-10-14,0.8297
2006-10-15,0.7927
2006-10-16,0.8207
2006-10-17,0.8641
2006-10-18,0.8133
2006-10-19,0.8695999999999999
2006-10-20,0.8238
2006-10-21,0.8299
2006-10-22,0.8571
2006-10-23,0.8604999999999999
2006-10-24,0.8878
2006-10-25,0.8712000000000001
2006-10-26,0.8037000000000001
2006-10-27,0.8106
2006-10-28,0.8005
2006-10-29,0.7746
2006-10-30,0.7170000000000001
2006-10-31,0.7468
2006-11-01,0.8452
2006-11-02,0.8492000000000001
2006-11-03,0.8362
2006-11-04,0.8408
2006-11-05,0.8504
2006-11-06,0.8747
2006-11-07,0.8939
2006-11-08,0.8797
2006-11-09,0.884
2006-11-10,0.9061
2006-11-11,0.8576999999999999
2006-11-12,0.828
2006-11-13,0.8177
2006-11-14,0.8210999999999999
2006-11-15,0.8005
2006-11-16,0.7958
2006-11-17,0.7664
2006-11-18,0.7269
2006-11-19,0.675
2006-11-20,0.7717
2006-11-21,0.8134999999999999
2006-11-22,0.8083
2006-11-23,0.7911
2006-11-24,0.8674
2006-11-25,0.8506999999999999
2006-11-26,0.9013
2006-11-27,0.8906999999999999
2006-11-28,0.8437
2006-11-29,0.8778
2006-11-30,0.8981999999999999
2006-12-01,0.8919
2006-12-02,0.8491
2006-12-03,0.8375
2006-12-04,0.7555
2006-12-05,0.7746999999999999
2006-12-06,0.7584000000000001
2006-12-07,0.8334999999999999
2006-12-08,0.8443999999999999
2006-12-09,0.8702
2006-12-10,0.8598
2006-12-11,0.894
2006-12-12,0.8809
2006-12-13,0.8822
2006-12-14,0.8986
2006-12-15,0.8379000000000001
2006-12-16,0.8495
2006-12-17,0.7856000000000001
2006-12-18,0.8365
2006-12-19,0.8637999999999999
2006-12-20,0.8704000000000001
2006-12-21,0.8373999999999999
2006-12-22,0.8245
2006-12-23,0.7145999999999999
2006-12-24,0.6744
2006-12-25,0.7132
2006-12-26,0.8204
2006-12-27,0.7828
2006-12-28,0.8
2006-12-29,0.7916
2006-12-30,0.8462000000000001
2006-12-31,0.8987
2007-01-01,0.9009
2007-01-02,0.8652
2007-01-03,0.8934000000000001
2007-01-04,0.8311
2007-01-05,0.831
2007-01-06,0.8325
2007-01-07,0.8602
2007-01-08,0.8370000000000001
2007-01-09,0.8081999999999999
2007-01-10,0.7998000000000001
2007-01-11,0.8713
2007-01-12,0.8981
2007-01-13,0.8875
2007-01-14,0.9018
2007-01-15,0.9034
2007-01-16,0.8259000000000001
2007-01-17,0.8298000000000001
2007-01-18,0.772
2007-01-19,0.7889
2007-01-20,0.7367
2007-01-21,0.7277
2007-01-22,0.8009000000000001
2007-01-23,0.8464
2007-01-24,0.8553000000000001
2007-01-25,0.9027
2007-01-26,0.8334
2007-01-27,0.884
2007-01-28,0.7746999999999999
2007-01-29,0.9129999999999999
2007-01-30,0.9018999999999999
2007-01-31,0.8896999999999999
2007-02-01,0.8565999999999999
2007-02-02,0.8931
2007-02-03,0.9101
2007-02-04,0.9224
2007-02-05,0.9235
2007-02-06,0.9127
2007-02-07,0.8928
2007-02-08,0.8898
2007-02-09,0.8334999999999999
2007-02-10,0.7608
2007-02-11,0.7981
2007-02-12,0.8778
2007-02-13,0.9031
2007-02-14,0.9043000000000001
2007-02-15,0.8713
2007-02-16,0.8667
2007-02-17,0.8826999999999999
2007-02-18,0.8762000000000001
2007-02-19,0.9018
2007-02-20,0.9035
2007-02-21,0.9022
2007-02-22,0.8778
2007-02-23,0.8603000000000001
2007-02-24,0.8523999999999999
2007-02-25,0.8192
2007-02-26,0.8517
2007-02-27,0.9062
2007-02-28,0.8926999999999999
2007-03-01,0.8896999999999999
2007-03-02,0.8573000000000001
2007-03-03,0.8609
2007-03-04,0.8465
2007-03-05,0.8447
2007-03-06,0.8415
2007-03-07,0.8579000000000001
2007-03-08,0.8240999999999999
2007-03-09,0.8073
2007-03-10,0.7977
2007-03-11,0.7823
2007-03-12,0.8038
2007-03-13,0.8278
2007-03-14,0.841
2007-03-15,0.8205
2007-03-16,0.8497
2007-03-17,0.8590000000000001
2007-03-18,0.8479000000000001
2007-03-19,0.8687999999999999
2007-03-20,0.8289
2007-03-21,0.8197
2007-03-22,0.8397
2007-03-23,0.8266
2007-03-24,0.8292
2007-03-25,0.8114
2007-03-26,0.7937000000000001
2007-03-27,0.8216
2007-03-28,0.7964
2007-03-29,0.7548999999999999
2007-03-30,0.7591
2007-03-31,0.7584000000000001
2007-04-01,0.7494
2007-04-02,0.7509999999999999
2007-04-03,0.7883
2007-04-04,0.7567
2007-04-05,0.669
2007-04-06,0.6809000000000001
2007-04-07,0.7069
2007-04-08,0.8203
2007-04-09,0.8432
2007-04-10,0.8173999999999999
2007-04-11,0.8048000000000001
2007-04-12,0.8118000000000001
2007-04-13,0.7434999999999999
2007-04-14,0.757
2007-04-15,0.7797
2007-04-16,0.7604000000000001
2007-04-17,0.7883
2007-04-18,0.8436
2007-04-19,0.8644
2007-04-20,0.9211
2007-04-21,0.8992
2007-04-22,0.8388
2007-04-23,0.83
2007-04-24,0.8109999999999999
2007-04-25,0.7778
2007-04-26,0.7569
2007-04-27,0.7846
2007-04-28,0.8223
2007-04-29,0.8115000000000001
2007-04-30,0.7646999999999999
2007-05-01,0.758
2007-05-02,0.7286
2007-05-03,0.7123999999999999
2007-05-04,0.6309
2007-05-05,0.7444
2007-05-06,0.7789
2007-05-07,0.7298
2007-05-08,0.7001999999999999
2007-05-09,0.7254999999999999
2007-05-10,0.7881
2007-05-11,0.7625
2007-05-12,0.7368000000000001
2007-05-13,0.7126
2007-05-14,0.6203
2007-05-15,0.6228
2007-05-16,0.6553
2007-05-17,0.6757
2007-05-18,0.6328
2007-05-19,0.6611
2007-05-20,0.6781
2007-05-21,0.6849
2007-05-22,0.6512
2007-05-23,0.672
2007-05-24,0.7532
2007-05-25,0.6725
2007-05-26,0.7071999999999999
2007-05-27,0.7241
2007-05-28,0.6908
2007-05-29,0.7249
2007-05-30,0.6647
2007-05-31,0.6678000000000001
2007-06-01,0.6864
2007-06-02,0.5904
2007-06-03,0.6898000000000001
2007-06-04,0.6617000000000001
2007-06-05,0.6152000000000001
2007-06-06,0.626
2007-06-07,0.6007
2007-06-08,0.5448
2007-06-09,0.5912
2007-06-10,0.5468999999999999
2007-06-11,0.4802
2007-06-12,0.5454
2007-06-13,0.6373
2007-06-14,0.6259
2007-06-15,0.5574
2007-06-16,0.5027
2007-06-17,0.5377000000000001
2007-06-18,0.5667
2007-06-19,0.5851
2007-06-20,0.6108
2007-06-21,0.6479
2007-06-22,0.6491
2007-06-23,0.5877
2007-06-24,0.6141
2007-06-25,0.6354
2007-06-26,0.6939
2007-06-27,0.6315
2007-06-28,0.5584
2007-06-29,0.5672
2007-06-30,0.5004
2007-07-01,0.49939999999999996
2007-07-02,0.5201
2007-07-03,0.5708
2007-07-04,0.6234000000000001
2007-07-05,0.6165999999999999
2007-07-06,0.6369
2007-07-07,0.5596
2007-07-08,0.5191
2007-07-09,0.5652
2007-07-10,0.5058
2007-07-11,0.5403
2007-07-12,0.4217
2007-07-13,0.473
2007-07-14,0.48969999999999997
2007-07-15,0.4572
2007-07-16,0.3871
2007-07-17,0.41869999999999996
2007-07-18,0.4511
2007-07-19,0.5184000000000001
2007-07-20,0.47
2007-07-21,0.5314
2007-07-22,0.47869999999999996
2007-07-23,0.4047
2007-07-24,0.4277
2007-07-25,0.46090000000000003
2007-07-26,0.5585
2007-07-27,0.40979999999999994
2007-07-28,0.5702
2007-07-29,0.616
2007-07-30,0.5567
2007-07-31,0.4838
2007-08-01,0.4252
2007-08-02,0.4371
2007-08-03,0.43420000000000003
2007-08-04,0.4174
2007-08-05,0.4073
2007-08-06,0.4214
2007-08-07,0.3492
2007-08-08,0.4208
2007-08-09,0.4612
2007-08-10,0.4777
2007-08-11,0.485
2007-08-12,0.4865
2007-08-13,0.5005
2007-08-14,0.47729999999999995
2007-08-15,0.4579
2007-08-16,0.5223
2007-08-17,0.5611
2007-08-18,0.4582
2007-08-19,0.406
2007-08-20,0.376
2007-08-21,0.3371
2007-08-22,0.3458
2007-08-23,0.4285
2007-08-24,0.4366
2007-08-25,0.3347
2007-08-26,0.3025
2007-08-27,0.28300000000000003
2007-08-28,0.29600000000000004
2007-08-29,0.35100000000000003
2007-08-30,0.369
2007-08-31,0.39640000000000003
2007-09-01,0.3346
2007-09-02,0.3343
2007-09-03,0.3392
2007-09-04,0.4702
2007-09-05,0.4594
2007-09-06,0.4313
2007-09-07,0.38520000000000004
2007-09-08,0.4012
2007-09-09,0.3556
2007-09-10,0.36060000000000003
2007-09-11,0.3926
2007-09-12,0.3922
2007-09-13,0.3678
2007-09-14,0.3786
2007-09-15,0.33270000000000005
2007-09-16,0.2943
2007-09-17,0.2713
2007-09-18,0.33159999999999995
2007-09-19,0.325
2007-09-20,0.2837
2007-09-21,0.2825
2007-09-22,0.2519
2007-09-23,0.2589
2007-09-24,0.2657
2007-09-25,0.3868
2007-09-26,0.44179999999999997
2007-09-27,0.39840000000000003
2007-09-28,0.36719999999999997
2007-09-29,0.3629
2007-09-30,0.39399999999999996
2007-10-01,0.4964
2007-10-02,0.5952000000000001
2007-10-03,0.4804
2007-10-04,0.3574
2007-10-05,0.3333
2007-10-06,0.31170000000000003
2007-10-07,0.3032
2007-10-08,0.33770000000000006
2007-10-09,0.3062
2007-10-10,0.2978
2007-10-11,0.302
2007-10-12,0.33520000000000005
2007-10-13,0.4534
2007-10-14,0.4415
2007-10-15,0.39289999999999997
2007-10-16,0.31129999999999997
2007-10-17,0.285
2007-10-18,0.41950000000000004
2007-10-19,0.5794
2007-10-20,0.5704
2007-10-21,0.5746
2007-10-22,0.6504000000000001
2007-10-23,0.7648
2007-10-24,0.635
2007-10-25,0.6536
2007-10-26,0.6602
2007-10-27,0.5650999999999999
2007-10-28,0.5191
2007-10-29,0.4656
2007-10-30,0.4683
2007-10-31,0.5186
2007-11-01,0.6052000000000001
2007-11-02,0.6379
2007-11-03,0.6624
2007-11-04,0.6945
2007-11-05,0.7498999999999999
2007-11-06,0.6812
2007-11-07,0.5826
2007-11-08,0.5852
2007-11-09,0.7011
2007-11-10,0.7273000000000001
2007-11-11,0.754
2007-11-12,0.7201000000000001
2007-11-13,0.7868999999999999
2007-11-14,0.7626000000000001
2007-11-15,0.6983
2007-11-16,0.6690999999999999
2007-11-17,0.5977
2007-11-18,0.5606
2007-11-19,0.5503
2007-11-20,0.6528
2007-11-21,0.6934999999999999
2007-11-22,0.7189
2007-11-23,0.7237
2007-11-24,0.7203
2007-11-25,0.8047
2007-11-26,0.7720999999999999
2007-11-27,0.8109000000000001
2007-11-28,0.7595000000000001
2007-11-29,0.7893000000000001
2007-11-30,0.789
2007-12-01,0.8042
2007-12-02,0.7728
2007-12-03,0.7913
2007-12-04,0.8662000000000001
2007-12-05,0.7842
2007-12-06,0.7423000000000001
2007-12-07,0.7563
2007-12-08,0.7878000000000001
2007-12-09,0.8164
2007-12-10,0.8445
2007-12-11,0.8201999999999999
2007-12-12,0.7273999999999999
2007-12-13,0.6951999999999999
2007-12-14,0.8131
2007-12-15,0.7986
2007-12-16,0.8190000000000001
2007-12-17,0.7807999999999999
2007-12-18,0.8114
2007-12-19,0.9054000000000001
2007-12-20,0.8513
2007-12-21,0.8742
2007-12-22,0.8643000000000001
2007-12-23,0.8367
2007-12-24,0.8389
2007-12-25,0.8371
2007-12-26,0.7558
2007-12-27,0.7201000000000001
2007-12-28,0.6962999999999999
2007-12-29,0.7437999999999999
2007-12-30,0.7131000000000001
2007-12-31,0.7001999999999999
2008-01-01,0.6286999999999999
2008-01-02,0.6698999999999999
2008-01-03,0.6866
2008-01-04,0.6446
2008-01-05,0.6481
2008-01-06,0.7802
2008-01-07,0.7908
2008-01-08,0.8356999999999999
2008-01-09,0.831
2008-01-10,0.8148000000000001
2008-01-11,0.8062
2008-01-12,0.8223999999999999
2008-01-13,0.8549
2008-01-14,0.8356999999999999
2008-01-15,0.7841
2008-01-16,0.8321
2008-01-17,0.8181999999999999
2008-01-18,0.8149
2008-01-19,0.8426
2008-01-20,0.847
2008-01-21,0.8356
2008-01-22,0.8259000000000001
2008-01-23,0.8319
2008-01-24,0.8459
2008-01-25,0.8662000000000001
2008-01-26,0.8651000000000001
2008-01-27,0.8854000000000001
2008-01-28,0.8237000000000001
2008-01-29,0.862
2008-01-30,0.8881999999999999
2008-01-31,0.8741
2008-02-01,0.8678
2008-02-02,0.8891
2008-02-03,0.8829
2008-02-04,0.8506
2008-02-05,0.8521
2008-02-06,0.8786
2008-02-07,0.8170000000000001
2008-02-08,0.8142
2008-02-09,0.7537
2008-02-10,0.6955
2008-02-11,0.7827
2008-02-12,0.8088
2008-02-13,0.8131
2008-02-14,0.8142
2008-02-15,0.8376
2008-02-16,0.7965000000000001
2008-02-17,0.8051999999999999
2008-02-18,0.8378
2008-02-19,0.8393
2008-02-20,0.8449
2008-02-21,0.8222
2008-02-22,0.7826000000000001
2008-02-23,0.7753
2008-02-24,0.8251000000000001
2008-02-25,0.8356999999999999
2008-02-26,0.8805
2008-02-27,0.8906000000000001
2008-02-28,0.8934000000000001
2008-02-29,0.8981
2008-03-01,0.9103
2008-03-02,0.9240999999999999
2008-03-03,0.8852
2008-03-04,0.92
2008-03-05,0.8421
2008-03-06,0.9045000000000001
2008-03-07,0.8771
2008-03-08,0.8898
2008-03-09,0.8458
2008-03-10,0.8373
2008-03-11,0.7981999999999999
2008-03-12,0.8319
2008-03-13,0.9007
2008-03-14,0.8632
2008-03-15,0.8919
2008-03-16,0.836
2008-03-17,0.8803
2008-03-18,0.8541
2008-03-19,0.8273999999999999
2008-03-20,0.8683
2008-03-21,0.8429000000000001
2008-03-22,0.8081
2008-03-23,0.8417
2008-03-24,0.8355
2008-03-25,0.8443999999999999
2008-03-26,0.8478
2008-03-27,0.8743000000000001
2008-03-28,0.8403
2008-03-29,0.8366
2008-03-30,0.8262999999999999
2008-03-31,0.8490000000000001
2008-04-01,0.8311
2008-04-02,0.8031
2008-04-03,0.8798
2008-04-04,0.9068999999999999
2008-04-05,0.9129
2008-04-06,0.9186
2008-04-07,0.875
2008-04-08,0.8942
2008-04-09,0.8598
2008-04-10,0.8456999999999999
2008-04-11,0.816
2008-04-12,0.7935
2008-04-13,0.7959999999999999
2008-04-14,0.8493999999999999
2008-04-15,0.8617
2008-04-16,0.8996
2008-04-17,0.8812000000000001
2008-04-18,0.848
2008-04-19,0.8320000000000001
2008-04-20,0.8387
2008-04-21,0.7987000000000001
2008-04-22,0.7937000000000001
2008-04-23,0.7917000000000001
2008-04-24,0.8473
2008-04-25,0.8388
2008-04-26,0.8043
2008-04-27,0.8295
2008-04-28,0.7889
2008-04-29,0.718
2008-04-30,0.7663
2008-05-01,0.8548
2008-05-02,0.8226
2008-05-03,0.7956
2008-05-04,0.8359000000000001
2008-05-05,0.848
2008-05-06,0.8493999999999999
2008-05-07,0.843
2008-05-08,0.7673000000000001
2008-05-09,0.7556999999999999
2008-05-10,0.7923
2008-05-11,0.8277
2008-05-12,0.8420000000000001
2008-05-13,0.8366
2008-05-14,0.8290000000000001
2008-05-15,0.8109000000000001
2008-05-16,0.8142
2008-05-17,0.8245
2008-05-18,0.8321
2008-05-19,0.8267
2008-05-20,0.7853
2008-05-21,0.7284
2008-05-22,0.7147
2008-05-23,0.728
2008-05-24,0.6701999999999999
2008-05-25,0.711
2008-05-26,0.7282
2008-05-27,0.8159000000000001
2008-05-28,0.8217
2008-05-29,0.7656000000000001
2008-05-30,0.7561
2008-05-31,0.8441
2008-06-01,0.8426
2008-06-02,0.8403
2008-06-03,0.8134
2008-06-04,0.7954000000000001
2008-06-05,0.7573000000000001
2008-06-06,0.7787999999999999
2008-06-07,0.7918000000000001
2008-06-08,0.7631
2008-06-09,0.7579
2008-06-10,0.7469
2008-06-11,0.7261
2008-06-12,0.6987000000000001
2008-06-13,0.7138
2008-06-14,0.7231000000000001
2008-06-15,0.653
2008-06-16,0.6954
2008-06-17,0.7859
2008-06-18,0.7487999999999999
2008-06-19,0.7058
2008-06-20,0.7027
2008-06-21,0.6879000000000001
2008-06-22,0.6919
2008-06-23,0.7592
2008-06-24,0.7212999999999999
2008-06-25,0.7820999999999999
2008-06-26,0.7803
2008-06-27,0.7848999999999999
2008-06-28,0.7597
2008-06-29,0.7167
2008-06-30,0.7042
2008-07-01,0.7253000000000001
2008-07-02,0.7206
2008-07-03,0.7209
2008-07-04,0.6881
2008-07-05,0.6643000000000001
2008-07-06,0.6795
2008-07-07,0.6534
2008-07-08,0.6274000000000001
2008-07-09,0.6664
2008-07-10,0.6847
2008-07-11,0.7399
2008-07-12,0.7383
2008-07-13,0.6543000000000001
2008-07-14,0.6559999999999999
2008-07-15,0.682
2008-07-16,0.6606000000000001
2008-07-17,0.6638
2008-07-18,0.5755
2008-07-19,0.5534
2008-07-20,0.5613
2008-07-21,0.5622
2008-07-22,0.5196999999999999
2008-07-23,0.4905
2008-07-24,0.488
2008-07-25,0.4537
2008-07-26,0.4708
2008-07-27,0.5407
2008-07-28,0.6126
2008-07-29,0.5364
2008-07-30,0.5158
2008-07-31,0.5305
2008-08-01,0.5025
2008-08-02,0.5244
2008-08-03,0.5049
2008-08-04,0.5565
2008-08-05,0.5268
2008-08-06,0.5934
2008-08-07,0.5603
2008-08-08,0.4509
2008-08-09,0.4799
2008-08-10,0.43119999999999997
2008-08-11,0.4193
2008-08-12,0.4617
2008-08-13,0.46
2008-08-14,0.46759999999999996
2008-08-15,0.46840000000000004
2008-08-16,0.43770000000000003
2008-08-17,0.5387
2008-08-18,0.46909999999999996
2008-08-19,0.48840000000000006
2008-08-20,0.5112
2008-08-21,0.4976
2008-08-22,0.4236
2008-08-23,0.43090000000000006
2008-08-24,0.4914
2008-08-25,0.514
2008-08-26,0.4664
2008-08-27,0.37920000000000004
2008-08-28,0.36340000000000006
2008-08-29,0.35359999999999997
2008-08-30,0.40369999999999995
2008-08-31,0.5044
2008-09-01,0.4825
2008-09-02,0.4083
2008-09-03,0.3296
2008-09-04,0.3148
2008-09-05,0.2975
2008-09-06,0.32130000000000003
2008-09-07,0.3678
2008-09-08,0.31679999999999997
2008-09-09,0.3428
2008-09-10,0.34590000000000004
2008-09-11,0.2882
2008-09-12,0.3029
2008-09-13,0.2732
2008-09-14,0.2762
2008-09-15,0.33659999999999995
2008-09-16,0.3322
2008-09-17,0.42710000000000004
2008-09-18,0.45439999999999997
2008-09-19,0.44420000000000004
2008-09-20,0.5827
2008-09-21,0.7398
2008-09-22,0.6367
2008-09-23,0.4401
2008-09-24,0.35479999999999995
2008-09-25,0.4892
2008-09-26,0.7242000000000001
2008-09-27,0.6425
2008-09-28,0.6068
2008-09-29,0.5129
2008-09-30,0.5231
2008-10-01,0.5986
2008-10-02,0.6214999999999999
2008-10-03,0.6595
2008-10-04,0.6091
2008-10-05,0.5032
2008-10-06,0.5011
2008-10-07,0.5517
2008-10-08,0.4717
2008-10-09,0.4943
2008-10-10,0.5284
2008-10-11,0.5413
2008-10-12,0.5179
2008-10-13,0.42460000000000003
2008-10-14,0.3803
2008-10-15,0.35119999999999996
2008-10-16,0.3301
2008-10-17,0.348
2008-10-18,0.4355
2008-10-19,0.5145000000000001
2008-10-20,0.6148
2008-10-21,0.6036
2008-10-22,0.6293
2008-10-23,0.5071
2008-10-24,0.43119999999999997
2008-10-25,0.34490000000000004
2008-10-26,0.30579999999999996
2008-10-27,0.3148
2008-10-28,0.2695
2008-10-29,0.4144
2008-10-30,0.5564
2008-10-31,0.5292
2008-11-01,0.4321
2008-11-02,0.3804
2008-11-03,0.5113
2008-11-04,0.4622
2008-11-05,0.5185
2008-11-06,0.622
2008-11-07,0.6502
2008-11-08,0.5473
2008-11-09,0.614
2008-11-10,0.687
2008-11-11,0.7559999999999999
2008-11-12,0.7421
2008-11-13,0.7924
2008-11-14,0.7126
2008-11-15,0.7034999999999999
2008-11-16,0.6715000000000001
2008-11-17,0.7304
2008-11-18,0.7639
2008-11-19,0.7412000000000001
2008-11-20,0.7663
2008-11-21,0.7983
2008-11-22,0.7861
2008-11-23,0.7463
2008-11-24,0.7434999999999999
2008-11-25,0.7187
2008-11-26,0.7209
2008-11-27,0.7957
2008-11-28,0.8233
2008-11-29,0.7811
2008-11-30,0.7873
2008-12-01,0.8181999999999999
2008-12-02,0.8251999999999999
2008-12-03,0.8172
2008-12-04,0.7753
2008-12-05,0.777
2008-12-06,0.7889
2008-12-07,0.8381000000000001
2008-12-08,0.7897
2008-12-09,0.7276
2008-12-10,0.7117
2008-12-11,0.7623000000000001
2008-12-12,0.7170000000000001
2008-12-13,0.7870999999999999
2008-12-14,0.8184
2008-12-15,0.8462999999999999
2008-12-16,0.848
2008-12-17,0.8992
2008-12-18,0.8803
2008-12-19,0.8404
2008-12-20,0.8609
2008-12-21,0.8397
2008-12-22,0.8639
2008-12-23,0.8926000000000001
2008-12-24,0.8268000000000001
2008-12-25,0.8593000000000001
2008-12-26,0.8763
2008-12-27,0.8918
2008-12-28,0.8656
2008-12-29,0.8103
2008-12-30,0.8087000000000001
2008-12-31,0.7817000000000001
2009-01-01,0.8231
2009-01-02,0.8101999999999999
2009-01-03,0.8419
2009-01-04,0.8503000000000001
2009-01-05,0.8709
2009-01-06,0.8443999999999999
2009-01-07,0.8059000000000001
2009-01-08,0.8406999999999999
2009-01-09,0.8371999999999999
2009-01-10,0.8166
2009-01-11,0.7987000000000001
2009-01-12,0.8112
2009-01-13,0.8055
2009-01-14,0.8058
2009-01-15,0.764
2009-01-16,0.8443999999999999
2009-01-17,0.8381000000000001
2009-01-18,0.8845000000000001
2009-01-19,0.8231999999999999
2009-01-20,0.8801000000000001
2009-01-21,0.852
2009-01-22,0.873
2009-01-23,0.8553000000000001
2009-01-24,0.8579000000000001
2009-01-25,0.8889
2009-01-26,0.9051
2009-01-27,0.8886
2009-01-28,0.8751000000000001
2009-01-29,0.8247
2009-01-30,0.7746999999999999
2009-01-31,0.8432
2009-02-01,0.7989
2009-02-02,0.8656999999999999
2009-02-03,0.8527
2009-02-04,0.8039000000000001
2009-02-05,0.7839
2009-02-06,0.7844
2009-02-07,0.804
2009-02-08,0.8162
2009-02-09,0.8895000000000001
2009-02-10,0.8919
2009-02-11,0.7761
2009-02-12,0.8281999999999999
2009-02-13,0.8704000000000001
2009-02-14,0.8959
2009-02-15,0.8445999999999999
2009-02-16,0.8556999999999999
2009-02-17,0.8210999999999999
2009-02-18,0.8298000000000001
2009-02-19,0.8305
2009-02-20,0.8153
2009-02-21,0.7548999999999999
2009-02-22,0.7717
2009-02-23,0.7939
2009-02-24,0.8248000000000001
2009-02-25,0.8391
2009-02-26,0.8668
2009-02-27,0.8484999999999999
2009-02-28,0.7998000000000001
2009-03-01,0.7886
2009-03-02,0.7855
2009-03-03,0.7272
2009-03-04,0.6818000000000001
2009-03-05,0.7143
2009-03-06,0.754
2009-03-07,0.8353
2009-03-08,0.8618000000000001
2009-03-09,0.7951
2009-03-10,0.8059000000000001
2009-03-11,0.7715000000000001
2009-03-12,0.7569
2009-03-13,0.7938
2009-03-14,0.8077
2009-03-15,0.8162
2009-03-16,0.8747
2009-03-17,0.8771
2009-03-18,0.8702
2009-03-19,0.8395
2009-03-20,0.8062
2009-03-21,0.8078
2009-03-22,0.7944
2009-03-23,0.8756999999999999
2009-03-24,0.8473999999999999
2009-03-25,0.8691
2009-03-26,0.8753
2009-03-27,0.8365
2009-03-28,0.8748
2009-03-29,0.9024
2009-03-30,0.8843000000000001
2009-03-31,0.8831
2009-04-01,0.8779
2009-04-02,0.8724
2009-04-03,0.9064
2009-04-04,0.8948
2009-04-05,0.8644
2009-04-06,0.8973
2009-04-07,0.9063
2009-04-08,0.8942
2009-04-09,0.863
2009-04-10,0.8436
2009-04-11,0.8412000000000001
2009-04-12,0.8989
2009-04-13,0.9056000000000001
2009-04-14,0.8658
2009-04-15,0.8533
2009-04-16,0.8814
2009-04-17,0.8592
2009-04-18,0.8427
2009-04-19,0.8140000000000001
2009-04-20,0.7827
2009-04-21,0.8035
2009-04-22,0.8717
2009-04-23,0.8569
2009-04-24,0.8672
2009-04-25,0.8859
2009-04-26,0.8764
2009-04-27,0.8382
2009-04-28,0.7875
2009-04-29,0.8641
2009-04-30,0.8854000000000001
2009-05-01,0.8970999999999999
2009-05-02,0.8554
2009-05-03,0.8441
2009-05-04,0.8471
2009-05-05,0.8431000000000001
2009-05-06,0.8209000000000001
2009-05-07,0.8062
2009-05-08,0.8281999999999999
2009-05-09,0.8294
2009-05-10,0.8584
2009-05-11,0.8183
2009-05-12,0.8166
2009-05-13,0.7719
2009-05-14,0.7943000000000001
2009-05-15,0.8473
2009-05-16,0.8813
2009-05-17,0.8649
2009-05-18,0.8806999999999999
2009-05-19,0.8584
2009-05-20,0.8287
2009-05-21,0.8058
2009-05-22,0.8146
2009-05-23,0.8473
2009-05-24,0.8301999999999999
2009-05-25,0.8039000000000001
2009-05-26,0.7524
2009-05-27,0.7365
2009-05-28,0.7198
2009-05-29,0.7651
2009-05-30,0.7985
2009-05-31,0.8369
2009-06-01,0.8617
2009-06-02,0.8175
2009-06-03,0.7256999999999999
2009-06-04,0.7424
2009-06-05,0.8077
2009-06-06,0.7787999999999999
2009-06-07,0.7192000000000001
2009-06-08,0.7957
2009-06-09,0.7944
2009-06-10,0.7501000000000001
2009-06-11,0.7356
2009-06-12,0.789
2009-06-13,0.8077
2009-06-14,0.7465
2009-06-15,0.7192000000000001
2009-06-16,0.7478
2009-06-17,0.7903
2009-06-18,0.775
2009-06-19,0.7315999999999999
2009-06-20,0.7128
2009-06-21,0.7056
2009-06-22,0.6957
2009-06-23,0.6938
2009-06-24,0.7
2009-06-25,0.6856
2009-06-26,0.6704000000000001
2009-06-27,0.7117
2009-06-28,0.6988
2009-06-29,0.6762999999999999
2009-06-30,0.5948
2009-07-01,0.5749
2009-07-02,0.5901
2009-07-03,0.5753
2009-07-04,0.5769
2009-07-05,0.6473
2009-07-06,0.722
2009-07-07,0.7402
2009-07-08,0.7272
2009-07-09,0.7227
2009-07-10,0.6857
2009-07-11,0.6609
2009-07-12,0.7505
2009-07-13,0.6894
2009-07-14,0.6486
2009-07-15,0.6405
2009-07-16,0.6411
2009-07-17,0.6770999999999999
2009-07-18,0.6371
2009-07-19,0.5539000000000001
2009-07-20,0.526
2009-07-21,0.5209
2009-07-22,0.5228
2009-07-23,0.5473
2009-07-24,0.6068
2009-07-25,0.6684
2009-07-26,0.5938
2009-07-27,0.4765
2009-07-28,0.45130000000000003
2009-07-29,0.45530000000000004
2009-07-30,0.4372
2009-07-31,0.45159999999999995
2009-08-01,0.5083
2009-08-02,0.547
2009-08-03,0.5347999999999999
2009-08-04,0.4877
2009-08-05,0.46049999999999996
2009-08-06,0.3922
2009-08-07,0.4211
2009-08-08,0.4275
2009-08-09,0.41340000000000005
2009-08-10,0.4464
2009-08-11,0.5029
2009-08-12,0.503
2009-08-13,0.5589999999999999
2009-08-14,0.5397
2009-08-15,0.5188
2009-08-16,0.4744
2009-08-17,0.48960000000000004
2009-08-18,0.4413
2009-08-19,0.4343
2009-08-20,0.4094
2009-08-21,0.6034
2009-08-22,0.6589
2009-08-23,0.7371
2009-08-24,0.7356999999999999
2009-08-25,0.7408
2009-08-26,0.8286
2009-08-27,0.8083
2009-08-28,0.7132999999999999
2009-08-29,0.7051000000000001
2009-08-30,0.6911
2009-08-31,0.6761
2009-09-01,0.6520999999999999
2009-09-02,0.6142
2009-09-03,0.5881000000000001
2009-09-04,0.5999
2009-09-05,0.7234999999999999
2009-09-06,0.6917
2009-09-07,0.7855
2009-09-08,0.7006
2009-09-09,0.6983
2009-09-10,0.6241
2009-09-11,0.6223
2009-09-12,0.6179
2009-09-13,0.5428000000000001
2009-09-14,0.5583
2009-09-15,0.5247999999999999
2009-09-16,0.516
2009-09-17,0.5173
2009-09-18,0.5296
2009-09-19,0.5283
2009-09-20,0.6153
2009-09-21,0.7404000000000001
2009-09-22,0.7681999999999999
2009-09-23,0.7918999999999999
2009-09-24,0.7059000000000001
2009-09-25,0.6607999999999999
2009-09-26,0.667
2009-09-27,0.6384000000000001
2009-09-28,0.5958
2009-09-29,0.5710000000000001
2009-09-30,0.6670999999999999
2009-10-01,0.5922
2009-10-02,0.6101
2009-10-03,0.6923
2009-10-04,0.7043
2009-10-05,0.6241
2009-10-06,0.6557999999999999
2009-10-07,0.6646
2009-10-08,0.7695000000000001
2009-10-09,0.8283
2009-10-10,0.6896
2009-10-11,0.7132999999999999
2009-10-12,0.7333
2009-10-13,0.6955
2009-10-14,0.8096
2009-10-15,0.7328
2009-10-16,0.7051000000000001
2009-10-17,0.6681
2009-10-18,0.7481
2009-10-19,0.7725
2009-10-20,0.8029000000000001
2009-10-21,0.8101
2009-10-22,0.7533
2009-10-23,0.7884
2009-10-24,0.7646
2009-10-25,0.8094
2009-10-26,0.8014
2009-10-27,0.8081
2009-10-28,0.8725
2009-10-29,0.8369
2009-10-30,0.7951
2009-10-31,0.7975
2009-11-01,0.8164
2009-11-02,0.7836
2009-11-03,0.794
2009-11-04,0.8398
2009-11-05,0.8344
2009-11-06,0.7855
2009-11-07,0.8205
2009-11-08,0.8088
2009-11-09,0.8179000000000001
2009-11-10,0.8146
2009-11-11,0.8911
2009-11-12,0.8205
2009-11-13,0.8078
2009-11-14,0.7448999999999999
2009-11-15,0.6773
2009-11-16,0.6456000000000001
2009-11-17,0.721
2009-11-18,0.8039000000000001
2009-11-19,0.8345
2009-11-20,0.8148000000000001
2009-11-21,0.7543000000000001
2009-11-22,0.7584000000000001
2009-11-23,0.8254
2009-11-24,0.7954000000000001
2009-11-25,0.8127
2009-11-26,0.7559
2009-11-27,0.8195
2009-11-28,0.7493000000000001
2009-11-29,0.7521
2009-11-30,0.8247
2009-12-01,0.8208
2009-12-02,0.8896
2009-12-03,0.8719
2009-12-04,0.8826999999999999
2009-12-05,0.882
2009-12-06,0.9131999999999999
2009-12-07,0.8395999999999999
2009-12-08,0.843
2009-12-09,0.804
2009-12-10,0.8929
2009-12-11,0.7945
2009-12-12,0.7587
2009-12-13,0.8462000000000001
2009-12-14,0.8676999999999999
2009-12-15,0.8856999999999999
2009-12-16,0.8391
2009-12-17,0.7581
2009-12-18,0.8215
2009-12-19,0.8434999999999999
2009-12-20,0.7463
2009-12-21,0.7881
2009-12-22,0.7947
2009-12-23,0.7611
2009-12-24,0.772
2009-12-25,0.9163
2009-12-26,0.8785
2009-12-27,0.9051
2009-12-28,0.892
2009-12-29,0.9102
2009-12-30,0.8763
2009-12-31,0.9148999999999999
2010-01-01,0.9089
2010-01-02,0.8584
2010-01-03,0.8358
2010-01-04,0.7757999999999999
2010-01-05,0.7674
2010-01-06,0.8118000000000001
2010-01-07,0.8137000000000001
2010-01-08,0.877
2010-01-09,0.8172
2010-01-10,0.8206
2010-01-11,0.7293000000000001
2010-01-12,0.7537
2010-01-13,0.8264
2010-01-14,0.8190000000000001
2010-01-15,0.8538
2010-01-16,0.8323999999999999
2010-01-17,0.7998999999999999
2010-01-18,0.782
2010-01-19,0.6628000000000001
2010-01-20,0.6892
2010-01-21,0.7529
2010-01-22,0.8267
2010-01-23,0.8308
2010-01-24,0.8345999999999999
2010-01-25,0.8495
2010-01-26,0.8504999999999999
2010-01-27,0.8598
2010-01-28,0.8409
2010-01-29,0.8301000000000001
2010-01-30,0.8037000000000001
2010-01-31,0.8136
2010-02-01,0.7701
2010-02-02,0.7482
2010-02-03,0.7579
2010-02-04,0.7295
2010-02-05,0.7754000000000001
2010-02-06,0.7743000000000001
2010-02-07,0.8001999999999999
2010-02-08,0.8092
2010-02-09,0.8367
2010-02-10,0.8295
2010-02-11,0.8084
2010-02-12,0.7938
2010-02-13,0.7837999999999999
2010-02-14,0.7614
2010-02-15,0.75
2010-02-16,0.7145
2010-02-17,0.7237
2010-02-18,0.7109000000000001
2010-02-19,0.8106
2010-02-20,0.7739
2010-02-21,0.7245
2010-02-22,0.7312000000000001
2010-02-23,0.7331
2010-02-24,0.7164
2010-02-25,0.7478
2010-02-26,0.8267
2010-02-27,0.8429000000000001
2010-02-28,0.9084
2010-03-01,0.8885
2010-03-02,0.8966
2010-03-03,0.8671
2010-03-04,0.8489
2010-03-05,0.8479000000000001
2010-03-06,0.8703
2010-03-07,0.8504999999999999
2010-03-08,0.897
2010-03-09,0.8795999999999999
2010-03-10,0.8059999999999999
2010-03-11,0.7544
2010-03-12,0.7846
2010-03-13,0.7818
2010-03-14,0.8134999999999999
2010-03-15,0.8184999999999999
2010-03-16,0.8092
2010-03-17,0.8137000000000001
2010-03-18,0.8186
2010-03-19,0.8086
2010-03-20,0.8184
2010-03-21,0.8354
2010-03-22,0.8529000000000001
2010-03-23,0.8526
2010-03-24,0.8589
2010-03-25,0.8528
2010-03-26,0.831
2010-03-27,0.8376
2010-03-28,0.8029000000000001
2010-03-29,0.8604
2010-03-30,0.8676999999999999
2010-03-31,0.8804000000000001
2010-04-01,0.903
2010-04-02,0.8962
2010-04-03,0.8935
2010-04-04,0.8659
2010-04-05,0.8521
2010-04-06,0.8752
2010-04-07,0.8159000000000001
2010-04-08,0.8044
2010-04-09,0.7679
2010-04-10,0.7582
2010-04-11,0.792
2010-04-12,0.7857
2010-04-13,0.8029000000000001
2010-04-14,0.8406999999999999
2010-04-15,0.8341
2010-04-16,0.7912
2010-04-17,0.8162999999999999
2010-04-18,0.8173
2010-04-19,0.7964
2010-04-20,0.7870999999999999
2010-04-21,0.7687999999999999
2010-04-22,0.7165
2010-04-23,0.6723
2010-04-24,0.7137
2010-04-25,0.7666
2010-04-26,0.7114
2010-04-27,0.6776000000000001
2010-04-28,0.653
2010-04-29,0.745
2010-04-30,0.7322
2010-05-01,0.753
2010-05-02,0.7559
2010-05-03,0.7399
2010-05-04,0.6728000000000001
2010-05-05,0.6709999999999999
2010-05-06,0.6506000000000001
2010-05-07,0.6611
2010-05-08,0.637
2010-05-09,0.7004
2010-05-10,0.7835
2010-05-11,0.7866
2010-05-12,0.7201000000000001
2010-05-13,0.6645
2010-05-14,0.6942
2010-05-15,0.6648999999999999
2010-05-16,0.6594
2010-05-17,0.5943
2010-05-18,0.6214
2010-05-19,0.7648999999999999
2010-05-20,0.728
2010-05-21,0.6189
2010-05-22,0.6072
2010-05-23,0.579
2010-05-24,0.6235
2010-05-25,0.7576
2010-05-26,0.7434000000000001
2010-05-27,0.6772
2010-05-28,0.6644
2010-05-29,0.6678000000000001
2010-05-30,0.6132
2010-05-31,0.6753
2010-06-01,0.6587999999999999
2010-06-02,0.7156999999999999
2010-06-03,0.7069
2010-06-04,0.6940000000000001
2010-06-05,0.6809000000000001
2010-06-06,0.7389
2010-06-07,0.6174000000000001
2010-06-08,0.6156
2010-06-09,0.6049
2010-06-10,0.5718
2010-06-11,0.5864
2010-06-12,0.5884
2010-06-13,0.6265999999999999
2010-06-14,0.5531
2010-06-15,0.5217
2010-06-16,0.5164
2010-06-17,0.48450000000000004
2010-06-18,0.4732
2010-06-19,0.46140000000000003
2010-06-20,0.4696
2010-06-21,0.4122
2010-06-22,0.35850000000000004
2010-06-23,0.46409999999999996
2010-06-24,0.5814
2010-06-25,0.6293
2010-06-26,0.6157
2010-06-27,0.5582
2010-06-28,0.5802
2010-06-29,0.5589
2010-06-30,0.5517
2010-07-01,0.49
2010-07-02,0.535
2010-07-03,0.6355
2010-07-04,0.5587
2010-07-05,0.5437
2010-07-06,0.6515000000000001
2010-07-07,0.5132
2010-07-08,0.5318999999999999
2010-07-09,0.5327000000000001
2010-07-10,0.49829999999999997
2010-07-11,0.5222
2010-07-12,0.5365
2010-07-13,0.4201
2010-07-14,0.4152
2010-07-15,0.4704
2010-07-16,0.5524
2010-07-17,0.5817
2010-07-18,0.4702
2010-07-19,0.44060000000000005
2010-07-20,0.5222
2010-07-21,0.5173
2010-07-22,0.4754
2010-07-23,0.43439999999999995
2010-07-24,0.4338
2010-07-25,0.5156000000000001
2010-07-26,0.4866
2010-07-27,0.5168
2010-07-28,0.5002
2010-07-29,0.5276
2010-07-30,0.4869
2010-07-31,0.4499
2010-08-01,0.4267
2010-08-02,0.4061
2010-08-03,0.45630000000000004
2010-08-04,0.5222
2010-08-05,0.4961
2010-08-06,0.5126
2010-08-07,0.4368
2010-08-08,0.4276
2010-08-09,0.406
2010-08-10,0.32420000000000004
2010-08-11,0.3884
2010-08-12,0.4769
2010-08-13,0.46090000000000003
2010-08-14,0.44380000000000003
2010-08-15,0.4698
2010-08-16,0.38880000000000003
2010-08-17,0.4548
2010-08-18,0.3886
2010-08-19,0.405
2010-08-20,0.4133
2010-08-21,0.3763
2010-08-22,0.4167
2010-08-23,0.3666
2010-08-24,0.321
2010-08-25,0.3403
2010-08-26,0.3546
2010-08-27,0.37079999999999996
2010-08-28,0.3079
2010-08-29,0.3218
2010-08-30,0.3273
2010-08-31,0.39520000000000005
2010-09-01,0.40700000000000003
2010-09-02,0.3821
2010-09-03,0.33770000000000006
2010-09-04,0.2581
2010-09-05,0.27690000000000003
2010-09-06,0.26039999999999996
2010-09-07,0.35710000000000003
2010-09-08,0.3513
2010-09-09,0.364
2010-09-10,0.40509999999999996
2010-09-11,0.34049999999999997
2010-09-12,0.2775
2010-09-13,0.2527
2010-09-14,0.2943
2010-09-15,0.3079
2010-09-16,0.3044
2010-09-17,0.3094
2010-09-18,0.3195
2010-09-19,0.30870000000000003
2010-09-20,0.3776
2010-09-21,0.4131
2010-09-22,0.3367
2010-09-23,0.2716
2010-09-24,0.2903
2010-09-25,0.2877
2010-09-26,0.29469999999999996
2010-09-27,0.3565
2010-09-28,0.4374
2010-09-29,0.6028
2010-09-30,0.5464
2010-10-01,0.5654
2010-10-02,0.6981999999999999
2010-10-03,0.6222
2010-10-04,0.5725
2010-10-05,0.5498
2010-10-06,0.5468
2010-10-07,0.6683
2010-10-08,0.6703
2010-10-09,0.5884
2010-10-10,0.5153
2010-10-11,0.6208
2010-10-12,0.5428000000000001
2010-10-13,0.5552
2010-10-14,0.6043999999999999
2010-10-15,0.6576000000000001
2010-10-16,0.6017
2010-10-17,0.6767
2010-10-18,0.7159
2010-10-19,0.7373999999999999
2010-10-20,0.7067
2010-10-21,0.6344
2010-10-22,0.6204999999999999
2010-10-23,0.745
2010-10-24,0.7067
2010-10-25,0.8061
2010-10-26,0.7796
2010-10-27,0.6923
2010-10-28,0.6275
2010-10-29,0.6448999999999999
2010-10-30,0.7793000000000001
2010-10-31,0.7576
2010-11-01,0.7744
2010-11-02,0.782
2010-11-03,0.7973
2010-11-04,0.7631999999999999
2010-11-05,0.7604000000000001
2010-11-06,0.8539
2010-11-07,0.8356999999999999
2010-11-08,0.777
2010-11-09,0.8066
2010-11-10,0.8087000000000001
2010-11-11,0.7591
2010-11-12,0.7531
2010-11-13,0.7770999999999999
2010-11-14,0.7595000000000001
2010-11-15,0.8115000000000001
2010-11-16,0.8301999999999999
2010-11-17,0.8342
2010-11-18,0.7729
2010-11-19,0.7071
2010-11-20,0.8301999999999999
2010-11-21,0.8062
2010-11-22,0.8667
2010-11-23,0.8366
2010-11-24,0.8088
2010-11-25,0.7970999999999999
2010-11-26,0.8256999999999999
2010-11-27,0.7939
2010-11-28,0.8295999999999999
2010-11-29,0.7993000000000001
2010-11-30,0.8012999999999999
2010-12-01,0.9086
2010-12-02,0.7802
2010-12-03,0.7053
2010-12-04,0.7693000000000001
2010-12-05,0.9145
2010-12-06,0.8157
2010-12-07,0.8401000000000001
2010-12-08,0.8676999999999999
2010-12-09,0.8771
2010-12-10,0.8831
2010-12-11,0.8522
2010-12-12,0.8482999999999999
2010-12-13,0.8632
2010-12-14,0.8584999999999999
2010-12-15,0.8708
2010-12-16,0.8432
2010-12-17,0.7911
2010-12-18,0.7861
2010-12-19,0.8158
2010-12-20,0.8178
2010-12-21,0.8062999999999999
2010-12-22,0.7892
2010-12-23,0.7106999999999999
2010-12-24,0.8512000000000001
2010-12-25,0.8468000000000001
2010-12-26,0.8709
2010-12-27,0.8312999999999999
2010-12-28,0.8715999999999999
2010-12-29,0.9159
2010-12-30,0.8939
2010-12-31,0.875
2011-01-01,0.9143000000000001
2011-01-02,0.9111
2011-01-03,0.9087999999999999
2011-01-04,0.9148000000000001
2011-01-05,0.8883
2011-01-06,0.8987999999999999
2011-01-07,0.8539
2011-01-08,0.8417
2011-01-09,0.8776999999999999
2011-01-10,0.8681
2011-01-11,0.9209999999999999
2011-01-12,0.9015000000000001
2011-01-13,0.8917
2011-01-14,0.8885
2011-01-15,0.8819
2011-01-16,0.8509
2011-01-17,0.8056
2011-01-18,0.7409
2011-01-19,0.8153
2011-01-20,0.8215
2011-01-21,0.7978000000000001
2011-01-22,0.8216
2011-01-23,0.8469
2011-01-24,0.8109999999999999
2011-01-25,0.8007
2011-01-26,0.8101
2011-01-27,0.8225
2011-01-28,0.8234999999999999
2011-01-29,0.8448
2011-01-30,0.8292
2011-01-31,0.7726999999999999
2011-02-01,0.7326
2011-02-02,0.7454000000000001
2011-02-03,0.7964
2011-02-04,0.8095
2011-02-05,0.7879999999999999
2011-02-06,0.7603
2011-02-07,0.8042
2011-02-08,0.8
2011-02-09,0.7578
2011-02-10,0.7820999999999999
2011-02-11,0.8067
2011-02-12,0.8028
2011-02-13,0.825
2011-02-14,0.8618000000000001
2011-02-15,0.8509
2011-02-16,0.8421
2011-02-17,0.877
2011-02-18,0.8645
2011-02-19,0.7963
2011-02-20,0.8164
2011-02-21,0.8192
2011-02-22,0.8370000000000001
2011-02-23,0.7895
2011-02-24,0.852
2011-02-25,0.8454
2011-02-26,0.8531
2011-02-27,0.8618000000000001
2011-02-28,0.8611
2011-03-01,0.8639
2011-03-02,0.8798999999999999
2011-03-03,0.8458
2011-03-04,0.898
2011-03-05,0.8268000000000001
2011-03-06,0.8678
2011-03-07,0.8868
2011-03-08,0.8562000000000001
2011-03-09,0.851
2011-03-10,0.8820999999999999
2011-03-11,0.8868
2011-03-12,0.9113
2011-03-13,0.9124
2011-03-14,0.9212
2011-03-15,0.8906000000000001
2011-03-16,0.8475
2011-03-17,0.8384999999999999
2011-03-18,0.8951
2011-03-19,0.8822
2011-03-20,0.9027
2011-03-21,0.8994
2011-03-22,0.8826999999999999
2011-03-23,0.8935
2011-03-24,0.9075
2011-03-25,0.8695
2011-03-26,0.833
2011-03-27,0.8297
2011-03-28,0.8423
2011-03-29,0.8356999999999999
2011-03-30,0.8236
2011-03-31,0.7901
2011-04-01,0.7786
2011-04-02,0.8490000000000001
2011-04-03,0.8702
2011-04-04,0.8734999999999999
2011-04-05,0.8931
2011-04-06,0.8868
2011-04-07,0.871
2011-04-08,0.8671
2011-04-09,0.8652
2011-04-10,0.856
2011-04-11,0.861
2011-04-12,0.8420000000000001
2011-04-13,0.8428
2011-04-14,0.8371999999999999
2011-04-15,0.8612000000000001
2011-04-16,0.8541
2011-04-17,0.8373999999999999
2011-04-18,0.8601000000000001
2011-04-19,0.8565999999999999
2011-04-20,0.8428
2011-04-21,0.7876000000000001
2011-04-22,0.8147
2011-04-23,0.8293
2011-04-24,0.8004000000000001
2011-04-25,0.7868999999999999
2011-04-26,0.8040999999999999
2011-04-27,0.84
2011-04-28,0.8519
2011-04-29,0.8169
2011-04-30,0.7598
2011-05-01,0.7655
2011-05-02,0.7929
2011-05-03,0.8397
2011-05-04,0.8443
2011-05-05,0.841
2011-05-06,0.8338
2011-05-07,0.8190999999999999
2011-05-08,0.79
2011-05-09,0.7896
2011-05-10,0.7513
2011-05-11,0.7559
2011-05-12,0.7773
2011-05-13,0.7987000000000001
2011-05-14,0.8015000000000001
2011-05-15,0.7517
2011-05-16,0.7506999999999999
2011-05-17,0.767
2011-05-18,0.799
2011-05-19,0.8112
2011-05-20,0.8365
2011-05-21,0.7917000000000001
2011-05-22,0.7523000000000001
2011-05-23,0.7670999999999999
2011-05-24,0.7533
2011-05-25,0.7831
2011-05-26,0.7353000000000001
2011-05-27,0.6857
2011-05-28,0.6765000000000001
2011-05-29,0.6459
2011-05-30,0.682
2011-05-31,0.6818000000000001
2011-06-01,0.7021
2011-06-02,0.6904
2011-06-03,0.6734
2011-06-04,0.7226
2011-06-05,0.6967
2011-06-06,0.7247
2011-06-07,0.7419
2011-06-08,0.763
2011-06-09,0.8115000000000001
2011-06-10,0.7476
2011-06-11,0.8254
2011-06-12,0.7712
2011-06-13,0.7333
2011-06-14,0.6965
2011-06-15,0.7145999999999999
2011-06-16,0.6843
2011-06-17,0.6486
2011-06-18,0.6222
2011-06-19,0.6092
2011-06-20,0.5645
2011-06-21,0.6177
2011-06-22,0.625
2011-06-23,0.6522
2011-06-24,0.64
2011-06-25,0.6032
2011-06-26,0.6245
2011-06-27,0.7082999999999999
2011-06-28,0.6428
2011-06-29,0.6286
2011-06-30,0.6864
2011-07-01,0.6765000000000001
2011-07-02,0.6525
2011-07-03,0.5496
2011-07-04,0.5099
2011-07-05,0.5422
2011-07-06,0.5115999999999999
2011-07-07,0.5131
2011-07-08,0.5797
2011-07-09,0.5892000000000001
2011-07-10,0.5893
2011-07-11,0.5412
2011-07-12,0.4917
2011-07-13,0.4782
2011-07-14,0.4736
2011-07-15,0.5122
2011-07-16,0.5475
2011-07-17,0.5793
2011-07-18,0.5488000000000001
2011-07-19,0.5015
2011-07-20,0.5533
2011-07-21,0.5052
2011-07-22,0.4639
2011-07-23,0.4949
2011-07-24,0.5718
2011-07-25,0.6001
2011-07-26,0.6057
2011-07-27,0.6338
2011-07-28,0.5718
2011-07-29,0.5171
2011-07-30,0.4755
2011-07-31,0.42810000000000004
2011-08-01,0.395
2011-08-02,0.36619999999999997
2011-08-03,0.4233
2011-08-04,0.5493
2011-08-05,0.46090000000000003
2011-08-06,0.4833
2011-08-07,0.4951
2011-08-08,0.46649999999999997
2011-08-09,0.3923
2011-08-10,0.3542
2011-08-11,0.4708
2011-08-12,0.446
2011-08-13,0.3722
2011-08-14,0.3103
2011-08-15,0.3002
2011-08-16,0.3678
2011-08-17,0.3492
2011-08-18,0.3348
2011-08-19,0.2945
2011-08-20,0.35950000000000004
2011-08-21,0.4929
2011-08-22,0.456
2011-08-23,0.42119999999999996
2011-08-24,0.3605
2011-08-25,0.42060000000000003
2011-08-26,0.3231
2011-08-27,0.3348
2011-08-28,0.37770000000000004
2011-08-29,0.38079999999999997
2011-08-30,0.31129999999999997
2011-08-31,0.2891
2011-09-01,0.3353
2011-09-02,0.3818
2011-09-03,0.42210000000000003
2011-09-04,0.31679999999999997
2011-09-05,0.2571
2011-09-06,0.2296
2011-09-07,0.22920000000000001
2011-09-08,0.2522
2011-09-09,0.2546
2011-09-10,0.244
2011-09-11,0.2464
2011-09-12,0.2623
2011-09-13,0.302
2011-09-14,0.3469
2011-09-15,0.4435
2011-09-16,0.3901
2011-09-17,0.4446
2011-09-18,0.4202
2011-09-19,0.39659999999999995
2011-09-20,0.3189
2011-09-21,0.2895
2011-09-22,0.237
2011-09-23,0.2296
2011-09-24,0.29059999999999997
2011-09-25,0.43
2011-09-26,0.5364
2011-09-27,0.41950000000000004
2011-09-28,0.32530000000000003
2011-09-29,0.3165
2011-09-30,0.3239
2011-10-01,0.3197
2011-10-02,0.40619999999999995
2011-10-03,0.6514
2011-10-04,0.6940000000000001
2011-10-05,0.7893000000000001
2011-10-06,0.731
2011-10-07,0.688
2011-10-08,0.6591
2011-10-09,0.6587999999999999
2011-10-10,0.6948000000000001
2011-10-11,0.6845
2011-10-12,0.7816
2011-10-13,0.8133
2011-10-14,0.7996
2011-10-15,0.7862
2011-10-16,0.8267
2011-10-17,0.8189
2011-10-18,0.8445999999999999
2011-10-19,0.826
2011-10-20,0.7668
2011-10-21,0.8323999999999999
2011-10-22,0.862
2011-10-23,0.8709
2011-10-24,0.7694
2011-10-25,0.7143999999999999
2011-10-26,0.7773
2011-10-27,0.7973
2011-10-28,0.7218000000000001
2011-10-29,0.762
2011-10-30,0.8009999999999999
2011-10-31,0.7648999999999999
2011-11-01,0.8087000000000001
2011-11-02,0.7777
2011-11-03,0.7556
2011-11-04,0.7353000000000001
2011-11-05,0.7138
2011-11-06,0.6986
2011-11-07,0.7019
2011-11-08,0.8392000000000001
2011-11-09,0.8228
2011-11-10,0.7763
2011-11-11,0.7655
2011-11-12,0.7193
2011-11-13,0.6861
2011-11-14,0.887
2011-11-15,0.8502
2011-11-16,0.7985
2011-11-17,0.721
2011-11-18,0.6559
2011-11-19,0.6463
2011-11-20,0.7414000000000001
2011-11-21,0.7717
2011-11-22,0.8568000000000001
2011-11-23,0.8553000000000001
2011-11-24,0.8751000000000001
2011-11-25,0.8154
2011-11-26,0.8795000000000001
2011-11-27,0.8755
2011-11-28,0.8397
2011-11-29,0.8312999999999999
2011-11-30,0.873
2011-12-01,0.8575
2011-12-02,0.8092
2011-12-03,0.8473
2011-12-04,0.884
2011-12-05,0.8540000000000001
2011-12-06,0.8663
2011-12-07,0.7918999999999999
2011-12-08,0.7401000000000001
2011-12-09,0.8061
2011-12-10,0.884
2011-12-11,0.9122
2011-12-12,0.8578
2011-12-13,0.8881
2011-12-14,0.8826
2011-12-15,0.9044
2011-12-16,0.8758
2011-12-17,0.9124
2011-12-18,0.8726
2011-12-19,0.9109999999999999
2011-12-20,0.8393
2011-12-21,0.8504999999999999
2011-12-22,0.8852
2011-12-23,0.8334999999999999
2011-12-24,0.8321
2011-12-25,0.8321999999999999
2011-12-26,0.8066
2011-12-27,0.8251999999999999
2011-12-28,0.8801000000000001
2011-12-29,0.8722
2011-12-30,0.9091
2011-12-31,0.882
2012-01-01,0.9020999999999999
2012-01-02,0.9078
2012-01-03,0.8419
2012-01-04,0.8598
2012-01-05,0.8684999999999999
2012-01-06,0.884
2012-01-07,0.8881
2012-01-08,0.8689
2012-01-09,0.9111
2012-01-10,0.9083
2012-01-11,0.9357
2012-01-12,0.8974
2012-01-13,0.8771
2012-01-14,0.9020999999999999
2012-01-15,0.8808
2012-01-16,0.8308
2012-01-17,0.7976000000000001
2012-01-18,0.8473
2012-01-19,0.8785
2012-01-20,0.8869
2012-01-21,0.8551000000000001
2012-01-22,0.8301999999999999
2012-01-23,0.8449
2012-01-24,0.8626999999999999
2012-01-25,0.8438
2012-01-26,0.8031
2012-01-27,0.8140999999999999
2012-01-28,0.8289
2012-01-29,0.7820999999999999
2012-01-30,0.83
2012-01-31,0.8719
2012-02-01,0.8678
2012-02-02,0.8936
2012-02-03,0.8632
2012-02-04,0.8245999999999999
2012-02-05,0.8119
2012-02-06,0.7857
2012-02-07,0.7722
2012-02-08,0.6846
2012-02-09,0.7583
2012-02-10,0.8741
2012-02-11,0.8533
2012-02-12,0.8806999999999999
2012-02-13,0.9179999999999999
2012-02-14,0.8975
2012-02-15,0.8676999999999999
2012-02-16,0.8752
2012-02-17,0.8493
2012-02-18,0.8868
2012-02-19,0.8654999999999999
2012-02-20,0.8306999999999999
2012-02-21,0.8451000000000001
2012-02-22,0.8744
2012-02-23,0.8281999999999999
2012-02-24,0.8379000000000001
2012-02-25,0.8264
2012-02-26,0.7823
2012-02-27,0.7359
2012-02-28,0.7634000000000001
2012-02-29,0.7756000000000001
2012-03-01,0.7719
2012-03-02,0.7256999999999999
2012-03-03,0.7182999999999999
2012-03-04,0.7173
2012-03-05,0.7597
2012-03-06,0.778
2012-03-07,0.7889
2012-03-08,0.8228
2012-03-09,0.7723
2012-03-10,0.8279000000000001
2012-03-11,0.8576
2012-03-12,0.8393999999999999
2012-03-13,0.8081999999999999
2012-03-14,0.7814
2012-03-15,0.8317
2012-03-16,0.8904000000000001
2012-03-17,0.8475
2012-03-18,0.8913
2012-03-19,0.8706
2012-03-20,0.8798
2012-03-21,0.8698999999999999
2012-03-22,0.8686
2012-03-23,0.8815999999999999
2012-03-24,0.8364
2012-03-25,0.8233
2012-03-26,0.8431000000000001
2012-03-27,0.7724
2012-03-28,0.7528
2012-03-29,0.7526999999999999
2012-03-30,0.8006
2012-03-31,0.7945
2012-04-01,0.8079999999999999
2012-04-02,0.877
2012-04-03,0.863
2012-04-04,0.8176000000000001
2012-04-05,0.7775
2012-04-06,0.7909
2012-04-07,0.8583
2012-04-08,0.8959999999999999
2012-04-09,0.8547
2012-04-10,0.9158
2012-04-11,0.8465
2012-04-12,0.836
2012-04-13,0.7959
2012-04-14,0.7254999999999999
2012-04-15,0.7338
2012-04-16,0.7803
2012-04-17,0.8034
2012-04-18,0.8452
2012-04-19,0.8005
2012-04-20,0.7587
2012-04-21,0.7409
2012-04-22,0.7843000000000001
2012-04-23,0.7915000000000001
2012-04-24,0.8467
2012-04-25,0.8456
2012-04-26,0.8308
2012-04-27,0.8256
2012-04-28,0.8184
2012-04-29,0.7631
2012-04-30,0.7067
2012-05-01,0.8047
2012-05-02,0.7245999999999999
2012-05-03,0.7901
2012-05-04,0.7867000000000001
2012-05-05,0.7673000000000001
2012-05-06,0.7352
2012-05-07,0.7537999999999999
2012-05-08,0.7724
2012-05-09,0.7595000000000001
2012-05-10,0.7636
2012-05-11,0.6916
2012-05-12,0.723
2012-05-13,0.7706999999999999
2012-05-14,0.8518000000000001
2012-05-15,0.8362999999999999
2012-05-16,0.8336
2012-05-17,0.8253
2012-05-18,0.7998000000000001
2012-05-19,0.7906
2012-05-20,0.8199
2012-05-21,0.8095
2012-05-22,0.81
2012-05-23,0.787
2012-05-24,0.7888
2012-05-25,0.7518
2012-05-26,0.7313
2012-05-27,0.77
2012-05-28,0.8054000000000001
2012-05-29,0.7820999999999999
2012-05-30,0.7325
2012-05-31,0.7101000000000001
2012-06-01,0.7145
2012-06-02,0.6984999999999999
2012-06-03,0.655
2012-06-04,0.7076
2012-06-05,0.7837000000000001
2012-06-06,0.7890999999999999
2012-06-07,0.8011
2012-06-08,0.7827
2012-06-09,0.7772
2012-06-10,0.7694
2012-06-11,0.7409
2012-06-12,0.7195
2012-06-13,0.7304999999999999
2012-06-14,0.7325
2012-06-15,0.7164
2012-06-16,0.7106
2012-06-17,0.6931
2012-06-18,0.6676000000000001
2012-06-19,0.6539
2012-06-20,0.6862
2012-06-21,0.6901999999999999
2012-06-22,0.7417
2012-06-23,0.7637
2012-06-24,0.7336
2012-06-25,0.7020000000000001
2012-06-26,0.7067
2012-06-27,0.6998000000000001
2012-06-28,0.6696
2012-06-29,0.6418
2012-06-30,0.6769
2012-07-01,0.6820999999999999
2012-07-02,0.6486
2012-07-03,0.596
2012-07-04,0.5939
2012-07-05,0.5992999999999999
2012-07-06,0.6502
2012-07-07,0.608
2012-07-08,0.5766
2012-07-09,0.6321
2012-07-10,0.6711
2012-07-11,0.5787
2012-07-12,0.5437
2012-07-13,0.6256
2012-07-14,0.6393
2012-07-15,0.5727
2012-07-16,0.5896
2012-07-17,0.6274000000000001
2012-07-18,0.7006999999999999
2012-07-19,0.5318999999999999
2012-07-20,0.4941
2012-07-21,0.5777
2012-07-22,0.5463
2012-07-23,0.4718
2012-07-24,0.4499
2012-07-25,0.3657
2012-07-26,0.4103
2012-07-27,0.40909999999999996
2012-07-28,0.39409999999999995
2012-07-29,0.41200000000000003
2012-07-30,0.4072
2012-07-31,0.47009999999999996
2012-08-01,0.5771000000000001
2012-08-02,0.547
2012-08-03,0.5748
2012-08-04,0.5396
2012-08-05,0.46799999999999997
2012-08-06,0.4357
2012-08-07,0.48350000000000004
2012-08-08,0.5023
2012-08-09,0.3995
2012-08-10,0.4397
2012-08-11,0.503
2012-08-12,0.47119999999999995
2012-08-13,0.5235
2012-08-14,0.4671
2012-08-15,0.5106
2012-08-16,0.4436
2012-08-17,0.5061
2012-08-18,0.5299
2012-08-19,0.495
2012-08-20,0.5447
2012-08-21,0.4498
2012-08-22,0.4885
2012-08-23,0.47590000000000005
2012-08-24,0.4779
2012-08-25,0.5234000000000001
2012-08-26,0.4581
2012-08-27,0.3514
2012-08-28,0.34450000000000003
2012-08-29,0.3506
2012-08-30,0.35119999999999996
2012-08-31,0.3104
2012-09-01,0.3226
2012-09-02,0.2591
2012-09-03,0.2389
2012-09-04,0.29969999999999997
2012-09-05,0.4122
2012-09-06,0.37479999999999997
2012-09-07,0.3741
2012-09-08,0.3517
2012-09-09,0.2868
2012-09-10,0.312
2012-09-11,0.29719999999999996
2012-09-12,0.2591
2012-09-13,0.2581
2012-09-14,0.2688
2012-09-15,0.3267
2012-09-16,0.40759999999999996
2012-09-17,0.3404
2012-09-18,0.2861
2012-09-19,0.3274
2012-09-20,0.43439999999999995
2012-09-21,0.5699000000000001
2012-09-22,0.6881999999999999
2012-09-23,0.6501
2012-09-24,0.6274000000000001
2012-09-25,0.5966
2012-09-26,0.7263
2012-09-27,0.6149
2012-09-28,0.5172
2012-09-29,0.5335
2012-09-30,0.44659999999999994
2012-10-01,0.387
2012-10-02,0.32630000000000003
2012-10-03,0.3023
2012-10-04,0.2969
2012-10-05,0.3283
2012-10-06,0.3464
2012-10-07,0.3375
2012-10-08,0.332
2012-10-09,0.38060000000000005
2012-10-10,0.5451
2012-10-11,0.5731
2012-10-12,0.5882999999999999
2012-10-13,0.6498
2012-10-14,0.6043999999999999
2012-10-15,0.6784
2012-10-16,0.7809
2012-10-17,0.7856000000000001
2012-10-18,0.6575
2012-10-19,0.612
2012-10-20,0.7071999999999999
2012-10-21,0.6486
2012-10-22,0.6043
2012-10-23,0.6033
2012-10-24,0.6592
2012-10-25,0.5979
2012-10-26,0.5103
2012-10-27,0.4139
2012-10-28,0.429
2012-10-29,0.41490000000000005
2012-10-30,0.40259999999999996
2012-10-31,0.5136999999999999
2012-11-01,0.6990000000000001
2012-11-02,0.7095999999999999
2012-11-03,0.8590000000000001
2012-11-04,0.7724
2012-11-05,0.8464
2012-11-06,0.8112999999999999
2012-11-07,0.7988
2012-11-08,0.9129
2012-11-09,0.8755
2012-11-10,0.8693000000000001
2012-11-11,0.8758
2012-11-12,0.8337
2012-11-13,0.8345
2012-11-14,0.8465
2012-11-15,0.8419
2012-11-16,0.8462000000000001
2012-11-17,0.8584
2012-11-18,0.8323999999999999
2012-11-19,0.8618000000000001
2012-11-20,0.8523000000000001
2012-11-21,0.8295999999999999
2012-11-22,0.7934
2012-11-23,0.7796
2012-11-24,0.8734999999999999
2012-11-25,0.8539
2012-11-26,0.8715
2012-11-27,0.8771
2012-11-28,0.8712000000000001
2012-11-29,0.8692
2012-11-30,0.8559
2012-12-01,0.8645
2012-12-02,0.879
2012-12-03,0.8493999999999999
2012-12-04,0.8243
2012-12-05,0.7911
2012-12-06,0.7793000000000001
2012-12-07,0.7347
2012-12-08,0.7173
2012-12-09,0.7962
2012-12-10,0.8243
2012-12-11,0.7992
2012-12-12,0.8058
2012-12-13,0.853
2012-12-14,0.8896
2012-12-15,0.8390000000000001
2012-12-16,0.8
2012-12-17,0.8120999999999999
2012-12-18,0.7379000000000001
2012-12-19,0.6665000000000001
2012-12-20,0.7245
2012-12-21,0.8193
2012-12-22,0.7764
2012-12-23,0.732
2012-12-24,0.7287
2012-12-25,0.7261
2012-12-26,0.7376
2012-12-27,0.7498999999999999
2012-12-28,0.8371
2012-12-29,0.7658
2012-12-30,0.7587999999999999
2012-12-31,0.7216
2013-01-01,0.6371
2013-01-02,0.6342
2013-01-03,0.6761
2013-01-04,0.7421
2013-01-05,0.6690999999999999
2013-01-06,0.6979000000000001
2013-01-07,0.7943000000000001
2013-01-08,0.8029000000000001
2013-01-09,0.8251000000000001
2013-01-10,0.8745999999999999
2013-01-11,0.8865000000000001
2013-01-12,0.8477
2013-01-13,0.8712000000000001
2013-01-14,0.8764
2013-01-15,0.8714
2013-01-16,0.8994
2013-01-17,0.8715999999999999
2013-01-18,0.7854000000000001
2013-01-19,0.8341
2013-01-20,0.8798999999999999
2013-01-21,0.9117000000000001
2013-01-22,0.8608
2013-01-23,0.9138
2013-01-24,0.8756999999999999
2013-01-25,0.9087999999999999
2013-01-26,0.9083
2013-01-27,0.8801000000000001
2013-01-28,0.8798
2013-01-29,0.9170999999999999
2013-01-30,0.8805
2013-01-31,0.8998
2013-02-01,0.9085
2013-02-02,0.861
2013-02-03,0.8075
2013-02-04,0.7962
2013-02-05,0.9001
2013-02-06,0.8815000000000001
2013-02-07,0.8493999999999999
2013-02-08,0.9061
2013-02-09,0.8384
2013-02-10,0.8225
2013-02-11,0.7972
2013-02-12,0.7456999999999999
2013-02-13,0.7415999999999999
2013-02-14,0.7398
2013-02-15,0.7558
2013-02-16,0.7637999999999999
2013-02-17,0.7433
2013-02-18,0.7707999999999999
2013-02-19,0.8092
2013-02-20,0.8170999999999999
2013-02-21,0.7987000000000001
2013-02-22,0.7694
2013-02-23,0.7623000000000001
2013-02-24,0.8488
2013-02-25,0.8467
2013-02-26,0.7953
2013-02-27,0.7986
2013-02-28,0.8219
2013-03-01,0.8387
2013-03-02,0.8943000000000001
2013-03-03,0.799
2013-03-04,0.7505
2013-03-05,0.7232
2013-03-06,0.711
2013-03-07,0.8081999999999999
2013-03-08,0.7947
2013-03-09,0.7689
2013-03-10,0.7651
2013-03-11,0.7746
2013-03-12,0.7645000000000001
2013-03-13,0.7928000000000001
2013-03-14,0.8504
2013-03-15,0.8856999999999999
2013-03-16,0.8029000000000001
2013-03-17,0.7617
2013-03-18,0.7802
2013-03-19,0.8528
2013-03-20,0.9168000000000001
2013-03-21,0.8744
2013-03-22,0.8273999999999999
2013-03-23,0.9131
2013-03-24,0.8887999999999999
2013-03-25,0.8815000000000001
2013-03-26,0.8942
2013-03-27,0.8694
2013-03-28,0.8775
2013-03-29,0.8420000000000001
2013-03-30,0.9046
2013-03-31,0.87
2013-04-01,0.8297
2013-04-02,0.8081
2013-04-03,0.8216
2013-04-04,0.848
2013-04-05,0.9224
2013-04-06,0.8673000000000001
2013-04-07,0.8261
2013-04-08,0.8514
2013-04-09,0.8943000000000001
2013-04-10,0.9439
2013-04-11,0.9009999999999999
2013-04-12,0.8663
2013-04-13,0.8639
2013-04-14,0.8537
2013-04-15,0.8787999999999999
2013-04-16,0.8602
2013-04-17,0.8099
2013-04-18,0.8190000000000001
2013-04-19,0.8549
2013-04-20,0.8201999999999999
2013-04-21,0.8173
2013-04-22,0.8247
2013-04-23,0.8323999999999999
2013-04-24,0.8262999999999999
2013-04-25,0.8378
2013-04-26,0.8331999999999999
2013-04-27,0.8247
2013-04-28,0.8331000000000001
2013-04-29,0.8144
2013-04-30,0.7988
2013-05-01,0.7825
2013-05-02,0.7717
2013-05-03,0.7328
2013-05-04,0.7184999999999999
2013-05-05,0.7193999999999999
2013-05-06,0.7086
2013-05-07,0.7634000000000001
2013-05-08,0.7576999999999999
2013-05-09,0.759
2013-05-10,0.7533
2013-05-11,0.7645000000000001
2013-05-12,0.7465
2013-05-13,0.7783
2013-05-14,0.7931
2013-05-15,0.7605
2013-05-16,0.7836
2013-05-17,0.7724
2013-05-18,0.7563
2013-05-19,0.782
2013-05-20,0.7594
2013-05-21,0.7040000000000001
2013-05-22,0.675
2013-05-23,0.6485
2013-05-24,0.6679
2013-05-25,0.7221
2013-05-26,0.7556
2013-05-27,0.7802
2013-05-28,0.7565999999999999
2013-05-29,0.7572
2013-05-30,0.7673000000000001
2013-05-31,0.784
2013-06-01,0.8523999999999999
2013-06-02,0.7938
2013-06-03,0.8325
2013-06-04,0.8151
2013-06-05,0.8084
2013-06-06,0.7948999999999999
2013-06-07,0.7948999999999999
2013-06-08,0.7931999999999999
2013-06-09,0.7741
2013-06-10,0.7866
2013-06-11,0.7585999999999999
2013-06-12,0.706
2013-06-13,0.7094
2013-06-14,0.7023999999999999
2013-06-15,0.6920000000000001
2013-06-16,0.6915
2013-06-17,0.6796
2013-06-18,0.7038
2013-06-19,0.6889
2013-06-20,0.6981999999999999
2013-06-21,0.6859000000000001
2013-06-22,0.679
2013-06-23,0.7136
2013-06-24,0.7254999999999999
2013-06-25,0.7162999999999999
2013-06-26,0.6990999999999999
2013-06-27,0.6635
2013-06-28,0.624
2013-06-29,0.5599000000000001
2013-06-30,0.5339
2013-07-01,0.5151
2013-07-02,0.49579999999999996
2013-07-03,0.6301
2013-07-04,0.6751
2013-07-05,0.7136
2013-07-06,0.6214
2013-07-07,0.5238
2013-07-08,0.4894
2013-07-09,0.5568
2013-07-10,0.6339
2013-07-11,0.6598
2013-07-12,0.6720999999999999
2013-07-13,0.6245
2013-07-14,0.5872999999999999
2013-07-15,0.5327000000000001
2013-07-16,0.5096
2013-07-17,0.5031
2013-07-18,0.5598
2013-07-19,0.5412
2013-07-20,0.5146999999999999
2013-07-21,0.43090000000000006
2013-07-22,0.40409999999999996
2013-07-23,0.5770000000000001
2013-07-24,0.5704
2013-07-25,0.5584
2013-07-26,0.5717
2013-07-27,0.5392
2013-07-28,0.4575
2013-07-29,0.4079
2013-07-30,0.4011
2013-07-31,0.4545
2013-08-01,0.3933
2013-08-02,0.3641
2013-08-03,0.34380000000000005
2013-08-04,0.37329999999999997
2013-08-05,0.42729999999999996
2013-08-06,0.4391
2013-08-07,0.44530000000000003
2013-08-08,0.43729999999999997
2013-08-09,0.4598
2013-08-10,0.4147
2013-08-11,0.44
2013-08-12,0.3893
2013-08-13,0.38909999999999995
2013-08-14,0.41979999999999995
2013-08-15,0.46259999999999996
2013-08-16,0.528
2013-08-17,0.5011
2013-08-18,0.5131
2013-08-19,0.5143
2013-08-20,0.4633
2013-08-21,0.5294
2013-08-22,0.47979999999999995
2013-08-23,0.4635
2013-08-24,0.4152
2013-08-25,0.36590000000000006
2013-08-26,0.3837
2013-08-27,0.4416
2013-08-28,0.3439
2013-08-29,0.33640000000000003
2013-08-30,0.4481
2013-08-31,0.4168
2013-09-01,0.4045
2013-09-02,0.4208
2013-09-03,0.41619999999999996
2013-09-04,0.4842
2013-09-05,0.6518
2013-09-06,0.5893
2013-09-07,0.4902
2013-09-08,0.4646
2013-09-09,0.4498
2013-09-10,0.4487
2013-09-11,0.4794
2013-09-12,0.4208
2013-09-13,0.47340000000000004
2013-09-14,0.4913
2013-09-15,0.40090000000000003
2013-09-16,0.38630000000000003
2013-09-17,0.48619999999999997
2013-09-18,0.7118000000000001
2013-09-19,0.6275
2013-09-20,0.5677
2013-09-21,0.4857
2013-09-22,0.41969999999999996
2013-09-23,0.38880000000000003
2013-09-24,0.5151
2013-09-25,0.4661
2013-09-26,0.3699
2013-09-27,0.3565
2013-09-28,0.4497
2013-09-29,0.6053000000000001
2013-09-30,0.7097
2013-10-01,0.7109000000000001
2013-10-02,0.7093
2013-10-03,0.6992
2013-10-04,0.6895
2013-10-05,0.6862999999999999
2013-10-06,0.6645
2013-10-07,0.7937000000000001
2013-10-08,0.8131999999999999
2013-10-09,0.7034999999999999
2013-10-10,0.6506000000000001
2013-10-11,0.6108
2013-10-12,0.5722999999999999
2013-10-13,0.5349
2013-10-14,0.4932
2013-10-15,0.4648
2013-10-16,0.5223
2013-10-17,0.7065
2013-10-18,0.7746
2013-10-19,0.7487999999999999
2013-10-20,0.6820999999999999
2013-10-21,0.6486
2013-10-22,0.7118000000000001
2013-10-23,0.6212
2013-10-24,0.5163
2013-10-25,0.5334
2013-10-26,0.4679
2013-10-27,0.4844
2013-10-28,0.6352
2013-10-29,0.7375
2013-10-30,0.7265
2013-10-31,0.7028
2013-11-01,0.6761
2013-11-02,0.7045
2013-11-03,0.5814
2013-11-04,0.55
2013-11-05,0.748
2013-11-06,0.7706999999999999
2013-11-07,0.7495999999999999
2013-11-08,0.7273999999999999
2013-11-09,0.6678000000000001
2013-11-10,0.6628000000000001
2013-11-11,0.6701999999999999
2013-11-12,0.7879999999999999
2013-11-13,0.8349
2013-11-14,0.7648
2013-11-15,0.6819
2013-11-16,0.6152000000000001
2013-11-17,0.6356
2013-11-18,0.7332
2013-11-19,0.6223
2013-11-20,0.5634
2013-11-21,0.5427000000000001
2013-11-22,0.6581
2013-11-23,0.654
2013-11-24,0.7957
2013-11-25,0.794
2013-11-26,0.853
2013-11-27,0.8053
2013-11-28,0.7686
2013-11-29,0.8026000000000001
2013-11-30,0.8831
2013-12-01,0.7918999999999999
2013-12-02,0.7728
2013-12-03,0.7909
2013-12-04,0.7963
2013-12-05,0.7976000000000001
2013-12-06,0.8190999999999999
2013-12-07,0.8913
2013-12-08,0.8107
2013-12-09,0.8732
2013-12-10,0.8732
2013-12-11,0.8820999999999999
2013-12-12,0.8765999999999999
2013-12-13,0.8662000000000001
2013-12-14,0.8472
2013-12-15,0.8814
2013-12-16,0.8786
2013-12-17,0.8936
2013-12-18,0.8340000000000001
2013-12-19,0.8534999999999999
2013-12-20,0.8976000000000001
2013-12-21,0.8506
2013-12-22,0.8922
2013-12-23,0.8794
2013-12-24,0.8714
2013-12-25,0.857
2013-12-26,0.8251999999999999
2013-12-27,0.8754000000000001
2013-12-28,0.8349
2013-12-29,0.8465
2013-12-30,0.8622
2013-12-31,0.8391
2014-01-01,0.8015000000000001
2014-01-02,0.7603
2014-01-03,0.731
2014-01-04,0.7195
2014-01-05,0.6948000000000001
2014-01-06,0.7326999999999999
2014-01-07,0.7597
2014-01-08,0.7409
2014-01-09,0.7379000000000001
2014-01-10,0.7817000000000001
2014-01-11,0.7855
2014-01-12,0.8269
2014-01-13,0.7951
2014-01-14,0.7741
2014-01-15,0.748
2014-01-16,0.7354
2014-01-17,0.7368000000000001
2014-01-18,0.8262
2014-01-19,0.7798
2014-01-20,0.8654999999999999
2014-01-21,0.8147
2014-01-22,0.8553000000000001
2014-01-23,0.7864
2014-01-24,0.8056
2014-01-25,0.8146
2014-01-26,0.8103
2014-01-27,0.7807999999999999
2014-01-28,0.7606999999999999
2014-01-29,0.763
2014-01-30,0.8120999999999999
2014-01-31,0.7989
2014-02-01,0.7097
2014-02-02,0.6862999999999999
2014-02-03,0.6899
2014-02-04,0.6417
2014-02-05,0.6647
2014-02-06,0.6766
2014-02-07,0.6402
2014-02-08,0.6414
2014-02-09,0.732
2014-02-10,0.6587000000000001
2014-02-11,0.6568999999999999
2014-02-12,0.6878
2014-02-13,0.8195999999999999
2014-02-14,0.73
2014-02-15,0.7762
2014-02-16,0.8844
2014-02-17,0.8231
2014-02-18,0.8651000000000001
2014-02-19,0.8493
2014-02-20,0.8427
2014-02-21,0.8599
2014-02-22,0.8652
2014-02-23,0.8222
2014-02-24,0.8137000000000001
2014-02-25,0.8249
2014-02-26,0.7724
2014-02-27,0.7140000000000001
2014-02-28,0.7903
2014-03-01,0.7970999999999999
2014-03-02,0.7929999999999999
2014-03-03,0.8207
2014-03-04,0.83
2014-03-05,0.8440000000000001
2014-03-06,0.8153
2014-03-07,0.8952
2014-03-08,0.9044
2014-03-09,0.8548
2014-03-10,0.8604999999999999
2014-03-11,0.8508
2014-03-12,0.8290000000000001
2014-03-13,0.7775
2014-03-14,0.8033
2014-03-15,0.7755
2014-03-16,0.77
2014-03-17,0.8795999999999999
2014-03-18,0.8186
2014-03-19,0.7572
2014-03-20,0.7579
2014-03-21,0.9020999999999999
2014-03-22,0.8859
2014-03-23,0.8420000000000001
2014-03-24,0.9159
2014-03-25,0.8834000000000001
2014-03-26,0.892
2014-03-27,0.8879
2014-03-28,0.8706999999999999
2014-03-29,0.8839
2014-03-30,0.8362999999999999
2014-03-31,0.8525
2014-04-01,0.8611
2014-04-02,0.8443
2014-04-03,0.8473999999999999
2014-04-04,0.8238
2014-04-05,0.8582
2014-04-06,0.852
2014-04-07,0.8288
2014-04-08,0.8210999999999999
2014-04-09,0.8144
2014-04-10,0.8033
2014-04-11,0.8434999999999999
2014-04-12,0.8523999999999999
2014-04-13,0.8528
2014-04-14,0.8367
2014-04-15,0.8356999999999999
2014-04-16,0.8464
2014-04-17,0.8644
2014-04-18,0.8278
2014-04-19,0.7877
2014-04-20,0.8056
2014-04-21,0.8179000000000001
2014-04-22,0.8249
2014-04-23,0.8593000000000001
2014-04-24,0.8651000000000001
2014-04-25,0.8615999999999999
2014-04-26,0.8495
2014-04-27,0.8219
2014-04-28,0.8001
2014-04-29,0.8012999999999999
2014-04-30,0.747
2014-05-01,0.715
2014-05-02,0.7322
2014-05-03,0.7373999999999999
2014-05-04,0.7436
2014-05-05,0.7679
2014-05-06,0.7818
2014-05-07,0.7720999999999999
2014-05-08,0.7898000000000001
2014-05-09,0.7809
2014-05-10,0.7556
2014-05-11,0.7809
2014-05-12,0.7766
2014-05-13,0.7364
2014-05-14,0.7043
2014-05-15,0.6820999999999999
2014-05-16,0.6965
2014-05-17,0.6962999999999999
2014-05-18,0.7277
2014-05-19,0.765
2014-05-20,0.7311
2014-05-21,0.6842
2014-05-22,0.6981999999999999
2014-05-23,0.6609999999999999
2014-05-24,0.7028
2014-05-25,0.7187
2014-05-26,0.7365
2014-05-27,0.7603
2014-05-28,0.67
2014-05-29,0.5674
2014-05-30,0.6053000000000001
2014-05-31,0.7348
2014-06-01,0.7045999999999999
2014-06-02,0.7240000000000001
2014-06-03,0.8189
2014-06-04,0.6947
2014-06-05,0.6956
2014-06-06,0.6704000000000001
2014-06-07,0.6529
2014-06-08,0.6228
2014-06-09,0.6045
2014-06-10,0.6397999999999999
2014-06-11,0.6818000000000001
2014-06-12,0.713
2014-06-13,0.7159
2014-06-14,0.7149
2014-06-15,0.7179000000000001
2014-06-16,0.7234999999999999
2014-06-17,0.7353000000000001
2014-06-18,0.6984
2014-06-19,0.6747
2014-06-20,0.6456999999999999
2014-06-21,0.63
2014-06-22,0.6174000000000001
2014-06-23,0.7139
2014-06-24,0.6663
2014-06-25,0.6178
2014-06-26,0.602
2014-06-27,0.5935
2014-06-28,0.5645
2014-06-29,0.524
2014-06-30,0.5971
2014-07-01,0.5654
2014-07-02,0.5161
2014-07-03,0.4857
2014-07-04,0.502
2014-07-05,0.5264
2014-07-06,0.5213
2014-07-07,0.5695
2014-07-08,0.5488000000000001
2014-07-09,0.5577000000000001
2014-07-10,0.5385
2014-07-11,0.5325
2014-07-12,0.5102
2014-07-13,0.5411
2014-07-14,0.5677
2014-07-15,0.5717
2014-07-16,0.5589999999999999
2014-07-17,0.5295000000000001
2014-07-18,0.4706
2014-07-19,0.4229
2014-07-20,0.5468
2014-07-21,0.5309
2014-07-22,0.5236999999999999
2014-07-23,0.5485
2014-07-24,0.531
2014-07-25,0.5920000000000001
2014-07-26,0.5638000000000001
2014-07-27,0.6814
2014-07-28,0.6765000000000001
2014-07-29,0.6278
2014-07-30,0.5763
2014-07-31,0.5355
2014-08-01,0.48200000000000004
2014-08-02,0.5366
2014-08-03,0.4439
2014-08-04,0.4314
2014-08-05,0.4121
2014-08-06,0.47700000000000004
2014-08-07,0.4767
2014-08-08,0.3107
2014-08-09,0.31679999999999997
2014-08-10,0.3732
2014-08-11,0.3948
2014-08-12,0.386
2014-08-13,0.3458
2014-08-14,0.3443
2014-08-15,0.4772
2014-08-16,0.5296
2014-08-17,0.48369999999999996
2014-08-18,0.46
2014-08-19,0.46090000000000003
2014-08-20,0.4533
2014-08-21,0.4571
2014-08-22,0.3839
2014-08-23,0.3432
2014-08-24,0.2928
2014-08-25,0.3318
2014-08-26,0.34909999999999997
2014-08-27,0.33659999999999995
2014-08-28,0.3169
2014-08-29,0.3182
2014-08-30,0.35009999999999997
2014-08-31,0.3159
2014-09-01,0.3762
2014-09-02,0.4044
2014-09-03,0.4976
2014-09-04,0.5459
2014-09-05,0.5003
2014-09-06,0.4217
2014-09-07,0.38020000000000004
2014-09-08,0.3678
2014-09-09,0.36829999999999996
2014-09-10,0.3619
2014-09-11,0.3425
2014-09-12,0.3134
2014-09-13,0.33840000000000003
2014-09-14,0.35590000000000005
2014-09-15,0.3119
2014-09-16,0.3147
2014-09-17,0.3068
2014-09-18,0.32299999999999995
2014-09-19,0.282
2014-09-20,0.2481
2014-09-21,0.32770000000000005
2014-09-22,0.4645
2014-09-23,0.5113
2014-09-24,0.4826
2014-09-25,0.4556
2014-09-26,0.4181
2014-09-27,0.4199
2014-09-28,0.3908
2014-09-29,0.38789999999999997
2014-09-30,0.4264
2014-10-01,0.6109
2014-10-02,0.6188
2014-10-03,0.5733
2014-10-04,0.4278
2014-10-05,0.3884
2014-10-06,0.3772
2014-10-07,0.3544
2014-10-08,0.3044
2014-10-09,0.31989999999999996
2014-10-10,0.2994
2014-10-11,0.2569
2014-10-12,0.3038
2014-10-13,0.2929
2014-10-14,0.2631
2014-10-15,0.2345
2014-10-16,0.23379999999999998
2014-10-17,0.2673
2014-10-18,0.2774
2014-10-19,0.2957
2014-10-20,0.39880000000000004
2014-10-21,0.5375
2014-10-22,0.7338
2014-10-23,0.6673
2014-10-24,0.5938
2014-10-25,0.6313
2014-10-26,0.7432
2014-10-27,0.7082999999999999
2014-10-28,0.7382
2014-10-29,0.7382
2014-10-30,0.7881
2014-10-31,0.745
2014-11-01,0.7298
2014-11-02,0.633
2014-11-03,0.6587999999999999
2014-11-04,0.6889
2014-11-05,0.7606999999999999
2014-11-06,0.6199
2014-11-07,0.6111
2014-11-08,0.696
2014-11-09,0.6522
2014-11-10,0.8081
2014-11-11,0.7444
2014-11-12,0.7448999999999999
2014-11-13,0.7544
2014-11-14,0.7924
2014-11-15,0.8271999999999999
2014-11-16,0.7203
2014-11-17,0.7059000000000001
2014-11-18,0.7375
2014-11-19,0.6391
2014-11-20,0.6053999999999999
2014-11-21,0.6786
2014-11-22,0.7812
2014-11-23,0.8489
2014-11-24,0.7768
2014-11-25,0.8733
2014-11-26,0.8652
2014-11-27,0.8069
2014-11-28,0.8284999999999999
2014-11-29,0.7872
2014-11-30,0.8358
2014-12-01,0.8487
2014-12-02,0.8166
2014-12-03,0.7563
2014-12-04,0.716
2014-12-05,0.7368000000000001
2014-12-06,0.8692
2014-12-07,0.8855
2014-12-08,0.884
2014-12-09,0.8493
2014-12-10,0.8495
2014-12-11,0.8644
2014-12-12,0.8514
2014-12-13,0.8526
2014-12-14,0.8713
2014-12-15,0.857
2014-12-16,0.8554999999999999
2014-12-17,0.8442000000000001
2014-12-18,0.8181999999999999
2014-12-19,0.8423
2014-12-20,0.8996999999999999
2014-12-21,0.8634999999999999
2014-12-22,0.86
2014-12-23,0.8618000000000001
2014-12-24,0.8228
2014-12-25,0.7829999999999999
2014-12-26,0.797
2014-12-27,0.7594
2014-12-28,0.6751999999999999
2014-12-29,0.6785
2014-12-30,0.7383
2014-12-31,0.7781
2015-01-01,0.706
2015-01-02,0.7112999999999999
2015-01-03,0.8073
2015-01-04,0.8022
2015-01-05,0.7354
2015-01-06,0.7012
2015-01-07,0.7429000000000001
2015-01-08,0.7332
2015-01-09,0.6757
2015-01-10,0.645
2015-01-11,0.6561
2015-01-12,0.6289
2015-01-13,0.6546
2015-01-14,0.6609
2015-01-15,0.5943999999999999
2015-01-16,0.5789
2015-01-17,0.6175999999999999
2015-01-18,0.5945
2015-01-19,0.5535
2015-01-20,0.5576
2015-01-21,0.562
2015-01-22,0.667
2015-01-23,0.6815000000000001
2015-01-24,0.7132999999999999
2015-01-25,0.8096
2015-01-26,0.7776000000000001
2015-01-27,0.7584000000000001
2015-01-28,0.7695000000000001
2015-01-29,0.7944
2015-01-30,0.6956
2015-01-31,0.6307
2015-02-01,0.6507999999999999
2015-02-02,0.622
2015-02-03,0.6395000000000001
2015-02-04,0.7905
2015-02-05,0.8558
2015-02-06,0.9046
2015-02-07,0.8815000000000001
2015-02-08,0.8714
2015-02-09,0.8453
2015-02-10,0.8571
2015-02-11,0.8208
2015-02-12,0.7631
2015-02-13,0.6589
2015-02-14,0.6282
2015-02-15,0.7165
2015-02-16,0.7563
2015-02-17,0.8215
2015-02-18,0.8602
2015-02-19,0.8924
2015-02-20,0.8384
2015-02-21,0.7916
2015-02-22,0.7487999999999999
2015-02-23,0.7606999999999999
2015-02-24,0.7635
2015-02-25,0.8073999999999999
2015-02-26,0.8283
2015-02-27,0.8194
2015-02-28,0.8031
2015-03-01,0.8214
2015-03-02,0.8458
2015-03-03,0.809
2015-03-04,0.8245
2015-03-05,0.7933
2015-03-06,0.7415
2015-03-07,0.6973999999999999
2015-03-08,0.8147
2015-03-09,0.7833
2015-03-10,0.8540000000000001
2015-03-11,0.8774
2015-03-12,0.8353
2015-03-13,0.8589
2015-03-14,0.8521
2015-03-15,0.8671
2015-03-16,0.8704999999999999
2015-03-17,0.7603
2015-03-18,0.8554
2015-03-19,0.9075
2015-03-20,0.8617
2015-03-21,0.8823000000000001
2015-03-22,0.8867
2015-03-23,0.8527
2015-03-24,0.9248000000000001
2015-03-25,0.8586
2015-03-26,0.8476
2015-03-27,0.8498
2015-03-28,0.8409
2015-03-29,0.7779
2015-03-30,0.7733
2015-03-31,0.8387
2015-04-01,0.7822
2015-04-02,0.8329000000000001
2015-04-03,0.8393
2015-04-04,0.8149
2015-04-05,0.8384
2015-04-06,0.8565
2015-04-07,0.8806999999999999
2015-04-08,0.8826999999999999
2015-04-09,0.8717
2015-04-10,0.8484999999999999
2015-04-11,0.8384
2015-04-12,0.8261
2015-04-13,0.8454
2015-04-14,0.8162999999999999
2015-04-15,0.8599
2015-04-16,0.8514
2015-04-17,0.8259000000000001
2015-04-18,0.8138
2015-04-19,0.8418000000000001
2015-04-20,0.8220000000000001
2015-04-21,0.8391
2015-04-22,0.8166
2015-04-23,0.8771
2015-04-24,0.8794
2015-04-25,0.8558
2015-04-26,0.8694
2015-04-27,0.8728
2015-04-28,0.8593000000000001
2015-04-29,0.8499
2015-04-30,0.8421
2015-05-01,0.8353
2015-05-02,0.8268000000000001
2015-05-03,0.8278
2015-05-04,0.8668
2015-05-05,0.8251000000000001
2015-05-06,0.8801000000000001
2015-05-07,0.8462000000000001
2015-05-08,0.8342
2015-05-09,0.8456
2015-05-10,0.8056
2015-05-11,0.871
2015-05-12,0.8279000000000001
2015-05-13,0.8376
2015-05-14,0.8542000000000001
2015-05-15,0.8403
2015-05-16,0.8078
2015-05-17,0.8504999999999999
2015-05-18,0.8441
2015-05-19,0.8126000000000001
2015-05-20,0.7928000000000001
2015-05-21,0.8151
2015-05-22,0.8193
2015-05-23,0.7783
2015-05-24,0.7787999999999999
2015-05-25,0.7281
2015-05-26,0.7004
2015-05-27,0.6445000000000001
2015-05-28,0.6893
2015-05-29,0.8059999999999999
2015-05-30,0.7545000000000001
2015-05-31,0.6818000000000001
2015-06-01,0.6554000000000001
2015-06-02,0.6939
2015-06-03,0.7249
2015-06-04,0.7471
2015-06-05,0.7786
2015-06-06,0.7431
2015-06-07,0.7354999999999999
2015-06-08,0.7309
2015-06-09,0.6759999999999999
2015-06-10,0.667
2015-06-11,0.6912
2015-06-12,0.6612
2015-06-13,0.6416
2015-06-14,0.599
2015-06-15,0.6053000000000001
2015-06-16,0.6994
2015-06-17,0.6654000000000001
2015-06-18,0.7051999999999999
2015-06-19,0.6639
2015-06-20,0.6517000000000001
2015-06-21,0.7293999999999999
2015-06-22,0.7051999999999999
2015-06-23,0.6656
2015-06-24,0.6198
2015-06-25,0.6901999999999999
2015-06-26,0.6964
2015-06-27,0.6598999999999999
2015-06-28,0.6938
2015-06-29,0.7084
2015-06-30,0.6618999999999999
2015-07-01,0.6219
2015-07-02,0.6379
2015-07-03,0.585
2015-07-04,0.5586
2015-07-05,0.585
2015-07-06,0.5906
2015-07-07,0.7129000000000001
2015-07-08,0.6925
2015-07-09,0.654
2015-07-10,0.6275
2015-07-11,0.5926
2015-07-12,0.5692
2015-07-13,0.5747
2015-07-14,0.5822999999999999
2015-07-15,0.5954999999999999
2015-07-16,0.5493
2015-07-17,0.5659000000000001
2015-07-18,0.5493
2015-07-19,0.5529999999999999
2015-07-20,0.6341
2015-07-21,0.523
2015-07-22,0.47619999999999996
2015-07-23,0.4938
2015-07-24,0.5096
2015-07-25,0.45
2015-07-26,0.4642
2015-07-27,0.4421
2015-07-28,0.42229999999999995
2015-07-29,0.4303
2015-07-30,0.45630000000000004
2015-07-31,0.4506
2015-08-01,0.4576
2015-08-02,0.4347
2015-08-03,0.395
2015-08-04,0.34979999999999994
2015-08-05,0.3497
2015-08-06,0.3728
2015-08-07,0.3285
2015-08-08,0.40149999999999997
2015-08-09,0.45189999999999997
2015-08-10,0.5135000000000001
2015-08-11,0.5033
2015-08-12,0.4399
2015-08-13,0.4675
2015-08-14,0.47759999999999997
2015-08-15,0.4425
2015-08-16,0.4717
2015-08-17,0.4642
2015-08-18,0.4989
2015-08-19,0.4104
2015-08-20,0.4174
2015-08-21,0.335
2015-08-22,0.3185
2015-08-23,0.29510000000000003
2015-08-24,0.297
2015-08-25,0.316
2015-08-26,0.3007
2015-08-27,0.31670000000000004
2015-08-28,0.4227
2015-08-29,0.4386
2015-08-30,0.4702
2015-08-31,0.4164
2015-09-01,0.2962
2015-09-02,0.2579
2015-09-03,0.2758
2015-09-04,0.2562
2015-09-05,0.2687
2015-09-06,0.2477
2015-09-07,0.2984
2015-09-08,0.39880000000000004
2015-09-09,0.39640000000000003
2015-09-10,0.5061
2015-09-11,0.3732
2015-09-12,0.5226
2015-09-13,0.6727
2015-09-14,0.6596
2015-09-15,0.5514
2015-09-16,0.4645
2015-09-17,0.385
2015-09-18,0.325
2015-09-19,0.2741
2015-09-20,0.2623
2015-09-21,0.26899999999999996
2015-09-22,0.3054
2015-09-23,0.3169
2015-09-24,0.2571
2015-09-25,0.2445
2015-09-26,0.2451
2015-09-27,0.2784
2015-09-28,0.39909999999999995
2015-09-29,0.5456
2015-09-30,0.5027
2015-10-01,0.3419
2015-10-02,0.3056
2015-10-03,0.3048
2015-10-04,0.3042
2015-10-05,0.3821
2015-10-06,0.36
2015-10-07,0.5015999999999999
2015-10-08,0.49420000000000003
2015-10-09,0.3618
2015-10-10,0.2692
2015-10-11,0.26739999999999997
2015-10-12,0.29100000000000004
2015-10-13,0.2638
2015-10-14,0.2376
2015-10-15,0.2498
2015-10-16,0.26280000000000003
2015-10-17,0.2605
2015-10-18,0.2256
2015-10-19,0.2298
2015-10-20,0.2634
2015-10-21,0.2697
2015-10-22,0.342
2015-10-23,0.6013000000000001
2015-10-24,0.5146999999999999
2015-10-25,0.5695
2015-10-26,0.73
2015-10-27,0.6128
2015-10-28,0.8057
2015-10-29,0.6831999999999999
2015-10-30,0.7387999999999999
2015-10-31,0.7755
2015-11-01,0.805
2015-11-02,0.7948000000000001
2015-11-03,0.6815000000000001
2015-11-04,0.583
2015-11-05,0.5888
2015-11-06,0.6268
2015-11-07,0.6492
2015-11-08,0.6847
2015-11-09,0.5356000000000001
2015-11-10,0.47859999999999997
2015-11-11,0.4738
2015-11-12,0.5725
2015-11-13,0.6335000000000001
2015-11-14,0.7648999999999999
2015-11-15,0.7141
2015-11-16,0.7498
2015-11-17,0.8201999999999999
2015-11-18,0.8162999999999999
2015-11-19,0.7456999999999999
2015-11-20,0.7897
2015-11-21,0.7478
2015-11-22,0.7126
2015-11-23,0.8031
2015-11-24,0.8343
2015-11-25,0.7802
2015-11-26,0.7232999999999999
2015-11-27,0.8295
2015-11-28,0.7953
2015-11-29,0.7562000000000001
2015-11-30,0.7633
2015-12-01,0.7748
2015-12-02,0.7263
2015-12-03,0.7303000000000001
2015-12-04,0.7170000000000001
2015-12-05,0.7106999999999999
2015-12-06,0.7826000000000001
2015-12-07,0.75
2015-12-08,0.8603000000000001
2015-12-09,0.8477
2015-12-10,0.8220000000000001
2015-12-11,0.7342
2015-12-12,0.7187
2015-12-13,0.7579
2015-12-14,0.7318000000000001
2015-12-15,0.6797
2015-12-16,0.6801
2015-12-17,0.6289
2015-12-18,0.6247
2015-12-19,0.6533
2015-12-20,0.7325
2015-12-21,0.7661
2015-12-22,0.7433
2015-12-23,0.6889
2015-12-24,0.6299
2015-12-25,0.5822999999999999
2015-12-26,0.7609999999999999
2015-12-27,0.8047
2015-12-28,0.7652
2015-12-29,0.7259
2015-12-30,0.7905
2015-12-31,0.7481
2016-01-01,0.7445999999999999
2016-01-02,0.7879
2016-01-03,0.8320000000000001
2016-01-04,0.8529000000000001
2016-01-05,0.8591
2016-01-06,0.8748
2016-01-07,0.8551000000000001
2016-01-08,0.9035
2016-01-09,0.8665
2016-01-10,0.8558
2016-01-11,0.8593000000000001
2016-01-12,0.8740000000000001
2016-01-13,0.8848
2016-01-14,0.9037000000000001
2016-01-15,0.8805
2016-01-16,0.8922
2016-01-17,0.8892
2016-01-18,0.8945000000000001
2016-01-19,0.9289000000000001
2016-01-20,0.9095
2016-01-21,0.8905
2016-01-22,0.9123
2016-01-23,0.8948
2016-01-24,0.9086
2016-01-25,0.893
2016-01-26,0.8336
2016-01-27,0.8708
2016-01-28,0.9216
2016-01-29,0.8881999999999999
2016-01-30,0.8343
2016-01-31,0.8223999999999999
2016-02-01,0.7958
2016-02-02,0.8240000000000001
2016-02-03,0.8140000000000001
2016-02-04,0.7902
2016-02-05,0.785
2016-02-06,0.8320000000000001
2016-02-07,0.8070999999999999
2016-02-08,0.8358
2016-02-09,0.8545
2016-02-10,0.7679
2016-02-11,0.7376
2016-02-12,0.8299
2016-02-13,0.8204
2016-02-14,0.8675
2016-02-15,0.8774
2016-02-16,0.7896
2016-02-17,0.755
2016-02-18,0.7848999999999999
2016-02-19,0.7402
2016-02-20,0.7535
2016-02-21,0.8176000000000001
2016-02-22,0.799
2016-02-23,0.7764
2016-02-24,0.7923
2016-02-25,0.7909999999999999
2016-02-26,0.8190999999999999
2016-02-27,0.7863
2016-02-28,0.7998999999999999
2016-02-29,0.8526
2016-03-01,0.8240000000000001
2016-03-02,0.8210999999999999
2016-03-03,0.8775
2016-03-04,0.818
2016-03-05,0.8472
2016-03-06,0.81
2016-03-07,0.8981999999999999
2016-03-08,0.8523999999999999
2016-03-09,0.8625
2016-03-10,0.8595999999999999
2016-03-11,0.8847
2016-03-12,0.8658
2016-03-13,0.8467
2016-03-14,0.8601000000000001
2016-03-15,0.8297
2016-03-16,0.8264
2016-03-17,0.8145
2016-03-18,0.7868999999999999
2016-03-19,0.7877
2016-03-20,0.78
2016-03-21,0.7822
2016-03-22,0.7436
2016-03-23,0.7292000000000001
2016-03-24,0.7511
2016-03-25,0.8486
2016-03-26,0.8622
2016-03-27,0.8614
2016-03-28,0.8169
2016-03-29,0.7793000000000001
2016-03-30,0.7741
2016-03-31,0.7725
2016-04-01,0.7642
2016-04-02,0.7354
2016-04-03,0.7624
2016-04-04,0.7648999999999999
2016-04-05,0.7585999999999999
2016-04-06,0.7454000000000001
2016-04-07,0.701
2016-04-08,0.6722
2016-04-09,0.654
2016-04-10,0.652
2016-04-11,0.6537000000000001
2016-04-12,0.6511
2016-04-13,0.7033
2016-04-14,0.6509999999999999
2016-04-15,0.5971
2016-04-16,0.5918
2016-04-17,0.6613
2016-04-18,0.6433
2016-04-19,0.6029
2016-04-20,0.672
2016-04-21,0.6620999999999999
2016-04-22,0.62
2016-04-23,0.6035
2016-04-24,0.5839
2016-04-25,0.5902000000000001
2016-04-26,0.6509
2016-04-27,0.8001999999999999
2016-04-28,0.7115
2016-04-29,0.8271999999999999
2016-04-30,0.6990999999999999
2016-05-01,0.6272
2016-05-02,0.588
2016-05-03,0.621
2016-05-04,0.5746
2016-05-05,0.5307999999999999
2016-05-06,0.5594
2016-05-07,0.5942000000000001
2016-05-08,0.5426
2016-05-09,0.536
2016-05-10,0.5078
2016-05-11,0.5097
2016-05-12,0.5138
2016-05-13,0.5421
2016-05-14,0.5801
2016-05-15,0.6192
2016-05-16,0.6401
2016-05-17,0.5707
2016-05-18,0.645
2016-05-19,0.6311
2016-05-20,0.6254
2016-05-21,0.6053000000000001
2016-05-22,0.614
2016-05-23,0.5981000000000001
2016-05-24,0.6329
2016-05-25,0.603
2016-05-26,0.5902000000000001
2016-05-27,0.5507
2016-05-28,0.5322
2016-05-29,0.5449
2016-05-30,0.5284
2016-05-31,0.475
2016-06-01,0.439
2016-06-02,0.42340000000000005
2016-06-03,0.4551
2016-06-04,0.4586
2016-06-05,0.43060000000000004
2016-06-06,0.38420000000000004
2016-06-07,0.4482
2016-06-08,0.5972
2016-06-09,0.5958
2016-06-10,0.5485
2016-06-11,0.5861999999999999
2016-06-12,0.46950000000000003
2016-06-13,0.4495
2016-06-14,0.6448999999999999
2016-06-15,0.5468
2016-06-16,0.4508
2016-06-17,0.40869999999999995
2016-06-18,0.3565
2016-06-19,0.3935
2016-06-20,0.5405
2016-06-21,0.5526
2016-06-22,0.5459
2016-06-23,0.4451
2016-06-24,0.47979999999999995
2016-06-25,0.5126
2016-06-26,0.5618
2016-06-27,0.4947
2016-06-28,0.5107
2016-06-29,0.5594
2016-06-30,0.5295000000000001
2016-07-01,0.6003000000000001
2016-07-02,0.5353
2016-07-03,0.5367000000000001
2016-07-04,0.5286
2016-07-05,0.5847
2016-07-06,0.4815
2016-07-07,0.44380000000000003
2016-07-08,0.4678
2016-07-09,0.4226
2016-07-10,0.44409999999999994
2016-07-11,0.42700000000000005
2016-07-12,0.4017
2016-07-13,0.3714
2016-07-14,0.35340000000000005
2016-07-15,0.3387
2016-07-16,0.3521
2016-07-17,0.518
2016-07-18,0.3556
2016-07-19,0.33799999999999997
2016-07-20,0.337
2016-07-21,0.34299999999999997
2016-07-22,0.3486
2016-07-23,0.452
2016-07-24,0.4921
2016-07-25,0.507
2016-07-26,0.5064
2016-07-27,0.4365
2016-07-28,0.3697
2016-07-29,0.40259999999999996
2016-07-30,0.478
2016-07-31,0.5203
2016-08-01,0.5051
2016-08-02,0.42719999999999997
2016-08-03,0.46270000000000006
2016-08-04,0.5134000000000001
2016-08-05,0.4731
2016-08-06,0.4058
2016-08-07,0.4007
2016-08-08,0.3425
2016-08-09,0.32270000000000004
2016-08-10,0.2852
2016-08-11,0.4673
2016-08-12,0.2988
2016-08-13,0.3926
2016-08-14,0.5293
2016-08-15,0.4086
2016-08-16,0.42229999999999995
2016-08-17,0.5177
2016-08-18,0.4359
2016-08-19,0.4275
2016-08-20,0.4266
2016-08-21,0.5039
2016-08-22,0.4727
2016-08-23,0.4828
2016-08-24,0.6043
2016-08-25,0.4754
2016-08-26,0.3661
2016-08-27,0.3836
2016-08-28,0.4682
2016-08-29,0.4487
2016-08-30,0.38380000000000003
2016-08-31,0.35710000000000003
2016-09-01,0.3897
2016-09-02,0.43479999999999996
2016-09-03,0.3931
2016-09-04,0.3381
2016-09-05,0.35229999999999995
2016-09-06,0.3347
2016-09-07,0.3576
2016-09-08,0.4236
2016-09-09,0.3644
2016-09-10,0.35950000000000004
2016-09-11,0.35100000000000003
2016-09-12,0.3041
2016-09-13,0.2887
2016-09-14,0.2645
2016-09-15,0.2874
2016-09-16,0.2868
2016-09-17,0.2828
2016-09-18,0.36560000000000004
2016-09-19,0.3257
2016-09-20,0.3782
2016-09-21,0.455
2016-09-22,0.4596
2016-09-23,0.7114
2016-09-24,0.6864
2016-09-25,0.6977
2016-09-26,0.6184000000000001
2016-09-27,0.5671
2016-09-28,0.5869
2016-09-29,0.606
2016-09-30,0.561
2016-10-01,0.6042000000000001
2016-10-02,0.604
2016-10-03,0.6544
2016-10-04,0.7761
2016-10-05,0.8156
2016-10-06,0.76
2016-10-07,0.6353
2016-10-08,0.4889
2016-10-09,0.5449
2016-10-10,0.6115999999999999
2016-10-11,0.6456999999999999
2016-10-12,0.5869
2016-10-13,0.5744
2016-10-14,0.5545
2016-10-15,0.5216
2016-10-16,0.4705
2016-10-17,0.4882
2016-10-18,0.49579999999999996
2016-10-19,0.5363
2016-10-20,0.6356
2016-10-21,0.7312000000000001
2016-10-22,0.711
2016-10-23,0.6323
2016-10-24,0.518
2016-10-25,0.47200000000000003
2016-10-26,0.5047
2016-10-27,0.6859000000000001
2016-10-28,0.6890000000000001
2016-10-29,0.6192
2016-10-30,0.7591
2016-10-31,0.6979000000000001
2016-11-01,0.7187
2016-11-02,0.6659
2016-11-03,0.6406000000000001
2016-11-04,0.6272
2016-11-05,0.6311
2016-11-06,0.6618999999999999
2016-11-07,0.6731999999999999
2016-11-08,0.6624
2016-11-09,0.7716
2016-11-10,0.7386
2016-11-11,0.6969
2016-11-12,0.8009999999999999
2016-11-13,0.8133
2016-11-14,0.8744
2016-11-15,0.8212999999999999
2016-11-16,0.8273
2016-11-17,0.8049
2016-11-18,0.7829
2016-11-19,0.8193
2016-11-20,0.8691
2016-11-21,0.8794
2016-11-22,0.8468000000000001
2016-11-23,0.8356999999999999
2016-11-24,0.8212999999999999
2016-11-25,0.8234999999999999
2016-11-26,0.8271999999999999
2016-11-27,0.8465
2016-11-28,0.7984
2016-11-29,0.8312999999999999
2016-11-30,0.8423999999999999
2016-12-01,0.8022
2016-12-02,0.8227
2016-12-03,0.8415
2016-12-04,0.8334
2016-12-05,0.8559
2016-12-06,0.8425
2016-12-07,0.8151999999999999
2016-12-08,0.8328
2016-12-09,0.8316
2016-12-10,0.8309000000000001
2016-12-11,0.8147
2016-12-12,0.8112999999999999
2016-12-13,0.9107999999999999
2016-12-14,0.8756999999999999
2016-12-15,0.8922
2016-12-16,0.8543000000000001
2016-12-17,0.8011
2016-12-18,0.8116
2016-12-19,0.8155
2016-12-20,0.7963
2016-12-21,0.7847
2016-12-22,0.7475
2016-12-23,0.7898999999999999
2016-12-24,0.7453
2016-12-25,0.6906
2016-12-26,0.7181000000000001
2016-12-27,0.7403
2016-12-28,0.7452
2016-12-29,0.8028
2016-12-30,0.7812
2016-12-31,0.6919
2017-01-01,0.6194
2017-01-02,0.6489
2017-01-03,0.6631999999999999
2017-01-04,0.7725
2017-01-05,0.7575
2017-01-06,0.7202
2017-01-07,0.7016
2017-01-08,0.6239
2017-01-09,0.5643
2017-01-10,0.6976
2017-01-11,0.7759
2017-01-12,0.7989
2017-01-13,0.8023
2017-01-14,0.8552
2017-01-15,0.799
2017-01-16,0.8684999999999999
2017-01-17,0.9016
2017-01-18,0.9059
2017-01-19,0.8539
2017-01-20,0.8109000000000001
2017-01-21,0.7796
2017-01-22,0.8401000000000001
2017-01-23,0.8443
2017-01-24,0.8392000000000001
2017-01-25,0.8094
2017-01-26,0.7906
2017-01-27,0.7894
2017-01-28,0.7456999999999999
2017-01-29,0.7284999999999999
2017-01-30,0.7173
2017-01-31,0.7154
2017-02-01,0.7667
2017-02-02,0.8065000000000001
2017-02-03,0.7968999999999999
2017-02-04,0.8498
2017-02-05,0.8239
2017-02-06,0.8212
2017-02-07,0.9387000000000001
2017-02-08,0.8701000000000001
2017-02-09,0.8432999999999999
2017-02-10,0.8832
2017-02-11,0.9043000000000001
2017-02-12,0.9192
2017-02-13,0.9017000000000001
2017-02-14,0.8162
2017-02-15,0.7947
2017-02-16,0.8909
2017-02-17,0.8614
2017-02-18,0.8190000000000001
2017-02-19,0.8096
2017-02-20,0.8195999999999999
2017-02-21,0.8144
2017-02-22,0.7988
2017-02-23,0.7959999999999999
2017-02-24,0.7065
2017-02-25,0.8247
2017-02-26,0.8404
2017-02-27,0.8392000000000001
2017-02-28,0.8462999999999999
2017-03-01,0.823
2017-03-02,0.818
2017-03-03,0.8097
2017-03-04,0.7404000000000001
2017-03-05,0.7456999999999999
2017-03-06,0.7487
2017-03-07,0.7153
2017-03-08,0.721
2017-03-09,0.7715000000000001
2017-03-10,0.7715000000000001
2017-03-11,0.7598999999999999
2017-03-12,0.7197
2017-03-13,0.679
2017-03-14,0.7186
2017-03-15,0.7293999999999999
2017-03-16,0.7001999999999999
2017-03-17,0.6796
2017-03-18,0.6881999999999999
2017-03-19,0.8239
2017-03-20,0.7873
2017-03-21,0.7931999999999999
2017-03-22,0.8462999999999999
2017-03-23,0.7968999999999999
2017-03-24,0.7509
2017-03-25,0.7514
2017-03-26,0.7953
2017-03-27,0.8271999999999999
2017-03-28,0.8242
2017-03-29,0.8706999999999999
2017-03-30,0.8522
2017-03-31,0.8205
2017-04-01,0.8004000000000001
2017-04-02,0.8292
2017-04-03,0.8290000000000001
2017-04-04,0.8442000000000001
2017-04-05,0.8423
2017-04-06,0.8319
2017-04-07,0.7981999999999999
2017-04-08,0.7556
2017-04-09,0.7202
2017-04-10,0.7182999999999999
2017-04-11,0.6945999999999999
2017-04-12,0.6972
2017-04-13,0.7541
2017-04-14,0.8114
2017-04-15,0.7226
2017-04-16,0.7184
2017-04-17,0.6767
2017-04-18,0.6335999999999999
2017-04-19,0.6820999999999999
2017-04-20,0.6884999999999999
2017-04-21,0.7802
2017-04-22,0.8101999999999999
2017-04-23,0.7552
2017-04-24,0.7258
2017-04-25,0.7668
2017-04-26,0.7909999999999999
2017-04-27,0.7818
2017-04-28,0.7762
2017-04-29,0.7836
2017-04-30,0.7454000000000001
2017-05-01,0.7123999999999999
2017-05-02,0.7045999999999999
2017-05-03,0.7081999999999999
2017-05-04,0.6321
2017-05-05,0.6358
2017-05-06,0.6408
2017-05-07,0.6618999999999999
2017-05-08,0.6916
2017-05-09,0.6358
2017-05-10,0.524
2017-05-11,0.5169
2017-05-12,0.5981000000000001
2017-05-13,0.5774
2017-05-14,0.6161
2017-05-15,0.7132999999999999
2017-05-16,0.7067
2017-05-17,0.7582
2017-05-18,0.7555
2017-05-19,0.8029000000000001
2017-05-20,0.7624
2017-05-21,0.8033
2017-05-22,0.7521
2017-05-23,0.7371
2017-05-24,0.7493000000000001
2017-05-25,0.7127
2017-05-26,0.6909000000000001
2017-05-27,0.6807
2017-05-28,0.6527
2017-05-29,0.6476000000000001
2017-05-30,0.6484000000000001
2017-05-31,0.6587000000000001
2017-06-01,0.6789000000000001
2017-06-02,0.6774
2017-06-03,0.6575
2017-06-04,0.6451
2017-06-05,0.6374
2017-06-06,0.6035
2017-06-07,0.6188
2017-06-08,0.564
2017-06-09,0.5418
2017-06-10,0.6419
2017-06-11,0.5686
2017-06-12,0.5378000000000001
2017-06-13,0.5408
2017-06-14,0.5347
2017-06-15,0.5821000000000001
2017-06-16,0.5615
2017-06-17,0.5605
2017-06-18,0.48310000000000003
2017-06-19,0.4916
2017-06-20,0.44189999999999996
2017-06-21,0.4443
2017-06-22,0.5665
2017-06-23,0.6049
2017-06-24,0.5555
2017-06-25,0.5456
2017-06-26,0.5769
2017-06-27,0.5589999999999999
2017-06-28,0.5314
2017-06-29,0.5552
2017-06-30,0.47729999999999995
2017-07-01,0.4658
2017-07-02,0.3978
2017-07-03,0.5471
2017-07-04,0.4997
2017-07-05,0.5306000000000001
2017-07-06,0.5924
2017-07-07,0.5878
2017-07-08,0.5483
2017-07-09,0.5502
2017-07-10,0.6317
2017-07-11,0.5756
2017-07-12,0.5243
2017-07-13,0.5194
2017-07-14,0.4987
2017-07-15,0.525
2017-07-16,0.47
2017-07-17,0.4728
2017-07-18,0.4818
2017-07-19,0.4851
2017-07-20,0.4532
2017-07-21,0.39549999999999996
2017-07-22,0.38299999999999995
2017-07-23,0.36479999999999996
2017-07-24,0.445
2017-07-25,0.48960000000000004
2017-07-26,0.4648
2017-07-27,0.47759999999999997
2017-07-28,0.5437
2017-07-29,0.5121
2017-07-30,0.531
2017-07-31,0.5002
2017-08-01,0.4636
2017-08-02,0.3936
2017-08-03,0.3446
2017-08-04,0.4979
2017-08-05,0.40590000000000004
2017-08-06,0.3982
2017-08-07,0.4611
2017-08-08,0.39890000000000003
2017-08-09,0.3432
2017-08-10,0.3207
2017-08-11,0.2862
2017-08-12,0.3479
2017-08-13,0.342
2017-08-14,0.32289999999999996
2017-08-15,0.3065
2017-08-16,0.3735
2017-08-17,0.2927
2017-08-18,0.2748
2017-08-19,0.307
2017-08-20,0.2735
2017-08-21,0.3873
2017-08-22,0.48950000000000005
2017-08-23,0.5525
2017-08-24,0.529
2017-08-25,0.47740000000000005
2017-08-26,0.3832
2017-08-27,0.29510000000000003
2017-08-28,0.2637
2017-08-29,0.2775
2017-08-30,0.2751
2017-08-31,0.2422
2017-09-01,0.2766
2017-09-02,0.4288
2017-09-03,0.3667
2017-09-04,0.3616
2017-09-05,0.3458
2017-09-06,0.3075
2017-09-07,0.3141
2017-09-08,0.2926
2017-09-09,0.2968
2017-09-10,0.3194
2017-09-11,0.3421
2017-09-12,0.3273
2017-09-13,0.34850000000000003
2017-09-14,0.3718
2017-09-15,0.3259
2017-09-16,0.3287
2017-09-17,0.353
2017-09-18,0.3506
2017-09-19,0.3568
2017-09-20,0.3685
2017-09-21,0.37810000000000005
2017-09-22,0.39549999999999996
2017-09-23,0.3532
2017-09-24,0.3435
2017-09-25,0.3496
2017-09-26,0.3546
2017-09-27,0.4875
2017-09-28,0.5315
2017-09-29,0.43729999999999997
2017-09-30,0.508
2017-10-01,0.6003000000000001
2017-10-02,0.5922999999999999
2017-10-03,0.7381
2017-10-04,0.7265999999999999
2017-10-05,0.6409999999999999
2017-10-06,0.508
2017-10-07,0.4489
2017-10-08,0.41119999999999995
2017-10-09,0.3945
2017-10-10,0.39899999999999997
2017-10-11,0.3328
2017-10-12,0.2754
2017-10-13,0.2783
2017-10-14,0.26539999999999997
2017-10-15,0.25670000000000004
2017-10-16,0.3126
2017-10-17,0.369
2017-10-18,0.33149999999999996
2017-10-19,0.2618
2017-10-20,0.2901
2017-10-21,0.2865
2017-10-22,0.3084
2017-10-23,0.39039999999999997
2017-10-24,0.4289
2017-10-25,0.3003
2017-10-26,0.28859999999999997
2017-10-27,0.3784
2017-10-28,0.5661
2017-10-29,0.597
2017-10-30,0.6598999999999999
2017-10-31,0.741
2017-11-01,0.7223999999999999
2017-11-02,0.7603
2017-11-03,0.7475
2017-11-04,0.8320000000000001
2017-11-05,0.7292000000000001
2017-11-06,0.6859000000000001
2017-11-07,0.745
2017-11-08,0.794
2017-11-09,0.8309000000000001
2017-11-10,0.8739
2017-11-11,0.8609
2017-11-12,0.8475
2017-11-13,0.7264
2017-11-14,0.6236999999999999
2017-11-15,0.773
2017-11-16,0.7484999999999999
2017-11-17,0.8184999999999999
2017-11-18,0.8298000000000001
2017-11-19,0.8283
2017-11-20,0.8234999999999999
2017-11-21,0.8295999999999999
2017-11-22,0.8623000000000001
2017-11-23,0.7746999999999999
2017-11-24,0.7515999999999999
2017-11-25,0.7970999999999999
2017-11-26,0.8038
2017-11-27,0.7927
2017-11-28,0.7792
2017-11-29,0.8131999999999999
2017-11-30,0.8795999999999999
2017-12-01,0.8634999999999999
2017-12-02,0.8223999999999999
2017-12-03,0.8556
2017-12-04,0.8331000000000001
2017-12-05,0.8583
2017-12-06,0.8219
2017-12-07,0.8334
2017-12-08,0.8590000000000001
2017-12-09,0.8623999999999999
2017-12-10,0.9013
2017-12-11,0.8626999999999999
2017-12-12,0.8576999999999999
2017-12-13,0.8690000000000001
2017-12-14,0.8456999999999999
2017-12-15,0.9055
2017-12-16,0.8826999999999999
2017-12-17,0.8812000000000001
2017-12-18,0.816
2017-12-19,0.8312
2017-12-20,0.7693000000000001
2017-12-21,0.757
2017-12-22,0.8367
2017-12-23,0.8009999999999999
2017-12-24,0.7676999999999999
2017-12-25,0.7484999999999999
2017-12-26,0.7707999999999999
2017-12-27,0.804
2017-12-28,0.7062999999999999
2017-12-29,0.8075
2017-12-30,0.8689
2017-12-31,0.8608
2018-01-01,0.7618
2018-01-02,0.8081
2018-01-03,0.8106
2018-01-04,0.8713
2018-01-05,0.8806
2018-01-06,0.8856
2018-01-07,0.8482
2018-01-08,0.8248000000000001
2018-01-09,0.785
2018-01-10,0.8131999999999999
2018-01-11,0.8015000000000001
2018-01-12,0.6674
2018-01-13,0.7759
2018-01-14,0.8673000000000001
2018-01-15,0.8427
2018-01-16,0.8336
2018-01-17,0.7757999999999999
2018-01-18,0.7027
2018-01-19,0.7048000000000001
2018-01-20,0.669
2018-01-21,0.6479
2018-01-22,0.6541
2018-01-23,0.6315999999999999
2018-01-24,0.7202
2018-01-25,0.8061
2018-01-26,0.8497
2018-01-27,0.8164
2018-01-28,0.8240000000000001
2018-01-29,0.8349
2018-01-30,0.8509
2018-01-31,0.8353
2018-02-01,0.8714
2018-02-02,0.9148000000000001
2018-02-03,0.8994
2018-02-04,0.9211
2018-02-05,0.875
2018-02-06,0.8539
2018-02-07,0.8676
2018-02-08,0.8517
2018-02-09,0.8671
2018-02-10,0.8473999999999999
2018-02-11,0.8062999999999999
2018-02-12,0.7786
2018-02-13,0.7239
2018-02-14,0.7448
2018-02-15,0.7815000000000001
2018-02-16,0.7951
2018-02-17,0.7844
2018-02-18,0.8618000000000001
2018-02-19,0.8602
2018-02-20,0.8134
2018-02-21,0.8334999999999999
2018-02-22,0.8437
2018-02-23,0.8423999999999999
2018-02-24,0.8523999999999999
2018-02-25,0.9052
2018-02-26,0.8340000000000001
2018-02-27,0.8085
2018-02-28,0.7843000000000001
2018-03-01,0.754
2018-03-02,0.7664
2018-03-03,0.8256
2018-03-04,0.8157
2018-03-05,0.775
2018-03-06,0.7888
2018-03-07,0.8381000000000001
2018-03-08,0.9006000000000001
2018-03-09,0.8268000000000001
2018-03-10,0.9309999999999999
2018-03-11,0.9077
2018-03-12,0.8526
2018-03-13,0.8525
2018-03-14,0.8382
2018-03-15,0.8037000000000001
2018-03-16,0.7794
2018-03-17,0.861
2018-03-18,0.7984
2018-03-19,0.7878000000000001
2018-03-20,0.8058
2018-03-21,0.841
2018-03-22,0.871
2018-03-23,0.8734000000000001
2018-03-24,0.8619
2018-03-25,0.8405
2018-03-26,0.8447
2018-03-27,0.7973
2018-03-28,0.8049
2018-03-29,0.8034
2018-03-30,0.7894
2018-03-31,0.7414000000000001
2018-04-01,0.7929
2018-04-02,0.8606
2018-04-03,0.8573000000000001
2018-04-04,0.8595999999999999
2018-04-05,0.8595999999999999
2018-04-06,0.8885
2018-04-07,0.8551000000000001
2018-04-08,0.8706
2018-04-09,0.8511
2018-04-10,0.8384
2018-04-11,0.8445999999999999
2018-04-12,0.8495999999999999
2018-04-13,0.8841
2018-04-14,0.8612000000000001
2018-04-15,0.8669
2018-04-16,0.885
2018-04-17,0.8967
2018-04-18,0.8548
2018-04-19,0.8370000000000001
2018-04-20,0.8189
2018-04-21,0.8062
2018-04-22,0.81
2018-04-23,0.8238
2018-04-24,0.8184999999999999
2018-04-25,0.8086
2018-04-26,0.7902
2018-04-27,0.7861
2018-04-28,0.7796
2018-04-29,0.7911
2018-04-30,0.7537
2018-05-01,0.733
2018-05-02,0.6954
2018-05-03,0.7575
2018-05-04,0.7637
2018-05-05,0.7188
2018-05-06,0.7287
2018-05-07,0.7187
2018-05-08,0.7223
2018-05-09,0.7145999999999999
2018-05-10,0.7199
2018-05-11,0.6772
2018-05-12,0.6196
2018-05-13,0.5954
2018-05-14,0.6251
2018-05-15,0.7036
2018-05-16,0.6879000000000001
2018-05-17,0.6661
2018-05-18,0.6655
2018-05-19,0.7382
2018-05-20,0.8081999999999999
2018-05-21,0.6622
2018-05-22,0.6945
2018-05-23,0.6542
2018-05-24,0.7458
2018-05-25,0.7495
2018-05-26,0.7198
2018-05-27,0.7127
2018-05-28,0.7101999999999999
2018-05-29,0.7239
2018-05-30,0.6878
2018-05-31,0.6581999999999999
2018-06-01,0.6137
2018-06-02,0.5972999999999999
2018-06-03,0.6406000000000001
2018-06-04,0.6476999999999999
2018-06-05,0.6636
2018-06-06,0.6285000000000001
2018-06-07,0.6112
2018-06-08,0.6473
2018-06-09,0.6731999999999999
2018-06-10,0.6424
2018-06-11,0.6745
2018-06-12,0.6361
2018-06-13,0.5986
2018-06-14,0.5735
2018-06-15,0.5628
2018-06-16,0.569
2018-06-17,0.5777
2018-06-18,0.5795
2018-06-19,0.5787
2018-06-20,0.6144
2018-06-21,0.6235
2018-06-22,0.61
2018-06-23,0.5523
2018-06-24,0.4889
2018-06-25,0.5043
2018-06-26,0.4808
2018-06-27,0.5028
2018-06-28,0.5078
2018-06-29,0.5351
2018-06-30,0.5277000000000001
2018-07-01,0.5532
2018-07-02,0.4989
2018-07-03,0.4802
2018-07-04,0.46799999999999997
2018-07-05,0.4963
2018-07-06,0.48469999999999996
2018-07-07,0.4947
2018-07-08,0.49
2018-07-09,0.4689
2018-07-10,0.4936
2018-07-11,0.5529999999999999
2018-07-12,0.4885
2018-07-13,0.45299999999999996
2018-07-14,0.4843
2018-07-15,0.49979999999999997
2018-07-16,0.5181
2018-07-17,0.529
2018-07-18,0.5446
2018-07-19,0.46799999999999997
2018-07-20,0.4946
2018-07-21,0.47409999999999997
2018-07-22,0.4429
2018-07-23,0.4218
2018-07-24,0.4959
2018-07-25,0.4993
2018-07-26,0.48229999999999995
2018-07-27,0.4403
2018-07-28,0.4183
2018-07-29,0.38780000000000003
2018-07-30,0.38439999999999996
2018-07-31,0.3618
2018-08-01,0.41119999999999995
2018-08-02,0.3728
2018-08-03,0.4012
2018-08-04,0.3613
2018-08-05,0.3661
2018-08-06,0.355
2018-08-07,0.4048
2018-08-08,0.4711
2018-08-09,0.5303
2018-08-10,0.5015
2018-08-11,0.32409999999999994
2018-08-12,0.1859
2018-08-13,0.2195
2018-08-14,0.2808
2018-08-15,0.41759999999999997
2018-08-16,0.6770999999999999
2018-08-17,0.6706
2018-08-18,0.6869
2018-08-19,0.6529
2018-08-20,0.5594
2018-08-21,0.5043
2018-08-22,0.4943
2018-08-23,0.4721
2018-08-24,0.4363
2018-08-25,0.44409999999999994
2018-08-26,0.48
2018-08-27,0.503
2018-08-28,0.4851
2018-08-29,0.4445
2018-08-30,0.40399999999999997
2018-08-31,0.366
2018-09-01,0.348
2018-09-02,0.3267
2018-09-03,0.3222
2018-09-04,0.3847
2018-09-05,0.3521
2018-09-06,0.2642
2018-09-07,0.4133
2018-09-08,0.3531
2018-09-09,0.26489999999999997
2018-09-10,0.2696
2018-09-11,0.272
2018-09-12,0.2872
2018-09-13,0.33509999999999995
2018-09-14,0.345
2018-09-15,0.3912
2018-09-16,0.444
2018-09-17,0.5589999999999999
2018-09-18,0.677
2018-09-19,0.7049
2018-09-20,0.7493000000000001
2018-09-21,0.6570999999999999
2018-09-22,0.5657
2018-09-23,0.5092
2018-09-24,0.5336
2018-09-25,0.4708
2018-09-26,0.4395
2018-09-27,0.4181
2018-09-28,0.3942
2018-09-29,0.4401
2018-09-30,0.42090000000000005
2018-10-01,0.6973
2018-10-02,0.5825
2018-10-03,0.5384
2018-10-04,0.5163
2018-10-05,0.6315
2018-10-06,0.7365
2018-10-07,0.6059
2018-10-08,0.5363
2018-10-09,0.6236
2018-10-10,0.6352
2018-10-11,0.613
2018-10-12,0.5254
2018-10-13,0.486
2018-10-14,0.6154
2018-10-15,0.6984999999999999
2018-10-16,0.804
2018-10-17,0.7437
2018-10-18,0.6748999999999999
2018-10-19,0.8127
2018-10-20,0.7116
2018-10-21,0.8093
2018-10-22,0.7598999999999999
2018-10-23,0.7177
2018-10-24,0.8956000000000001
2018-10-25,0.8373999999999999
2018-10-26,0.7646999999999999
2018-10-27,0.7268000000000001
2018-10-28,0.773
2018-10-29,0.7501000000000001
2018-10-30,0.7222
2018-10-31,0.7502
2018-11-01,0.7406
2018-11-02,0.7040000000000001
2018-11-03,0.8197
2018-11-04,0.8276
2018-11-05,0.78
2018-11-06,0.8306
2018-11-07,0.8355
2018-11-08,0.8798
2018-11-09,0.8808
2018-11-10,0.8691
2018-11-11,0.8127
2018-11-12,0.8026000000000001
2018-11-13,0.8256
2018-11-14,0.8701000000000001
2018-11-15,0.855
2018-11-16,0.8913
2018-11-17,0.8981
2018-11-18,0.7997
2018-11-19,0.8001
2018-11-20,0.8162999999999999
2018-11-21,0.8195999999999999
2018-11-22,0.8184
2018-11-23,0.823
2018-11-24,0.8931999999999999
2018-11-25,0.893
2018-11-26,0.8399
2018-11-27,0.8207
2018-11-28,0.7968000000000001
2018-11-29,0.7570999999999999
2018-11-30,0.8728
2018-12-01,0.8698
2018-12-02,0.8964
2018-12-03,0.9155
2018-12-04,0.8713
2018-12-05,0.8869
2018-12-06,0.8543999999999999
2018-12-07,0.8842
2018-12-08,0.8698
2018-12-09,0.8561
2018-12-10,0.8434
2018-12-11,0.8194
2018-12-12,0.852
2018-12-13,0.7915000000000001
2018-12-14,0.7809
2018-12-15,0.7706000000000001
2018-12-16,0.7756000000000001
2018-12-17,0.7484999999999999
2018-12-18,0.7437
2018-12-19,0.6725
2018-12-20,0.6633
2018-12-21,0.6467
2018-12-22,0.7501000000000001
2018-12-23,0.7479
2018-12-24,0.8161
2018-12-25,0.7563
2018-12-26,0.7775
2018-12-27,0.8619
2018-12-28,0.8916
2018-12-29,0.8289
2018-12-30,0.8197
2018-12-31,0.8795000000000001
2019-01-01,0.8298000000000001
2019-01-02,0.7743000000000001
2019-01-03,0.7166
2019-01-04,0.7152
2019-01-05,0.7958
2019-01-06,0.7498
2019-01-07,0.7252
2019-01-08,0.7752
2019-01-09,0.7487999999999999
2019-01-10,0.7903
2019-01-11,0.8096
2019-01-12,0.8402
2019-01-13,0.8488
2019-01-14,0.7651
2019-01-15,0.7037
2019-01-16,0.7143
2019-01-17,0.7992
2019-01-18,0.7724
2019-01-19,0.7809999999999999
2019-01-20,0.7141
2019-01-21,0.6822
2019-01-22,0.7045999999999999
2019-01-23,0.6673
2019-01-24,0.6416
2019-01-25,0.6476000000000001
2019-01-26,0.7886
2019-01-27,0.8336
2019-01-28,0.7356999999999999
2019-01-29,0.6955
2019-01-30,0.6451
2019-01-31,0.5767
2019-02-01,0.5442
2019-02-02,0.5705
2019-02-03,0.6175
2019-02-04,0.7977
2019-02-05,0.7709
2019-02-06,0.7948000000000001
2019-02-07,0.792
2019-02-08,0.8023
2019-02-09,0.8409
2019-02-10,0.8278
2019-02-11,0.8208
2019-02-12,0.7798999999999999
2019-02-13,0.7448
2019-02-14,0.7654000000000001
2019-02-15,0.7814
2019-02-16,0.8454
2019-02-17,0.8412999999999999
2019-02-18,0.8805
2019-02-19,0.8065000000000001
2019-02-20,0.8353
2019-02-21,0.7787000000000001
2019-02-22,0.815
2019-02-23,0.7844
2019-02-24,0.7666
2019-02-25,0.7914
2019-02-26,0.8578
2019-02-27,0.8076000000000001
2019-02-28,0.8554999999999999
2019-03-01,0.8404
2019-03-02,0.8564
2019-03-03,0.875
2019-03-04,0.8583
2019-03-05,0.8765000000000001
2019-03-06,0.8648
2019-03-07,0.83
2019-03-08,0.8184999999999999
2019-03-09,0.7940999999999999
2019-03-10,0.7698
2019-03-11,0.8664000000000001
2019-03-12,0.8875
2019-03-13,0.7545999999999999
2019-03-14,0.7956
2019-03-15,0.8251000000000001
2019-03-16,0.8190999999999999
2019-03-17,0.8173999999999999
2019-03-18,0.8059999999999999
2019-03-19,0.858
2019-03-20,0.8706
2019-03-21,0.8579000000000001
2019-03-22,0.8653
2019-03-23,0.9068999999999999
2019-03-24,0.8942
2019-03-25,0.8493
2019-03-26,0.8884000000000001
2019-03-27,0.8964
2019-03-28,0.8789
2019-03-29,0.8504999999999999
2019-03-30,0.8429000000000001
2019-03-31,0.8040999999999999
2019-04-01,0.7578
2019-04-02,0.7768
2019-04-03,0.8178
2019-04-04,0.8168000000000001
2019-04-05,0.8612000000000001
2019-04-06,0.8693000000000001
2019-04-07,0.8266
2019-04-08,0.8456999999999999
2019-04-09,0.8165
2019-04-10,0.8527
2019-04-11,0.8473
2019-04-12,0.8556
2019-04-13,0.8712000000000001
2019-04-14,0.9323999999999999
2019-04-15,0.878
2019-04-16,0.8382999999999999
2019-04-17,0.8434999999999999
2019-04-18,0.8258
2019-04-19,0.8320000000000001
2019-04-20,0.8197
2019-04-21,0.7848
2019-04-22,0.7989
2019-04-23,0.8672
2019-04-24,0.8565
2019-04-25,0.8284
2019-04-26,0.8451000000000001
2019-04-27,0.8128
2019-04-28,0.7593000000000001
2019-04-29,0.7622
2019-04-30,0.799
2019-05-01,0.7693000000000001
2019-05-02,0.8019
2019-05-03,0.8779
2019-05-04,0.8841
2019-05-05,0.8601000000000001
2019-05-06,0.767
2019-05-07,0.7841
2019-05-08,0.779
2019-05-09,0.7865000000000001
2019-05-10,0.8153
2019-05-11,0.7866
2019-05-12,0.7968000000000001
2019-05-13,0.7535
2019-05-14,0.7315999999999999
2019-05-15,0.7813
2019-05-16,0.8229000000000001
2019-05-17,0.8365
2019-05-18,0.7968000000000001
2019-05-19,0.7425
2019-05-20,0.7375
2019-05-21,0.7587
2019-05-22,0.7554000000000001
2019-05-23,0.7368000000000001
2019-05-24,0.7176
2019-05-25,0.7509999999999999
2019-05-26,0.752
2019-05-27,0.7441
2019-05-28,0.706
2019-05-29,0.6868000000000001
2019-05-30,0.6470999999999999
2019-05-31,0.6433
2019-06-01,0.6612
2019-06-02,0.6355
2019-06-03,0.6890999999999999
2019-06-04,0.7261
2019-06-05,0.6995
2019-06-06,0.6644
2019-06-07,0.6559999999999999
2019-06-08,0.6646
2019-06-09,0.65
2019-06-10,0.648
2019-06-11,0.6834
2019-06-12,0.6716
2019-06-13,0.6862999999999999
2019-06-14,0.6556000000000001
2019-06-15,0.7112
2019-06-16,0.6889
2019-06-17,0.6553
2019-06-18,0.6119
2019-06-19,0.6378
2019-06-20,0.6297999999999999
2019-06-21,0.6473
2019-06-22,0.6369
2019-06-23,0.6563
2019-06-24,0.6731
2019-06-25,0.6265999999999999
2019-06-26,0.5974
2019-06-27,0.5502
2019-06-28,0.6025
2019-06-29,0.6474
2019-06-30,0.6297
2019-07-01,0.5291
2019-07-02,0.5106
2019-07-03,0.4664
2019-07-04,0.4395
2019-07-05,0.5346
2019-07-06,0.645
2019-07-07,0.45549999999999996
2019-07-08,0.5306000000000001
2019-07-09,0.5368999999999999
2019-07-10,0.46990000000000004
2019-07-11,0.4579
2019-07-12,0.4675
2019-07-13,0.4235
2019-07-14,0.38280000000000003
2019-07-15,0.36090000000000005
2019-07-16,0.39890000000000003
2019-07-17,0.5315
2019-07-18,0.5639
2019-07-19,0.5342
2019-07-20,0.5305
2019-07-21,0.5448
2019-07-22,0.5540999999999999
2019-07-23,0.5876
2019-07-24,0.6139
2019-07-25,0.5635
2019-07-26,0.5621
2019-07-27,0.4819
2019-07-28,0.5408
2019-07-29,0.48210000000000003
2019-07-30,0.45439999999999997
2019-07-31,0.4336
2019-08-01,0.3956
2019-08-02,0.4208
2019-08-03,0.37939999999999996
2019-08-04,0.4915
2019-08-05,0.5477000000000001
2019-08-06,0.5798
2019-08-07,0.5001
2019-08-08,0.5355
2019-08-09,0.5484
2019-08-10,0.5202
2019-08-11,0.4866
2019-08-12,0.4106
2019-08-13,0.3517
2019-08-14,0.3549
2019-08-15,0.48700000000000004
2019-08-16,0.5103
2019-08-17,0.4889
2019-08-18,0.4292
2019-08-19,0.35950000000000004
2019-08-20,0.3191
2019-08-21,0.3164
2019-08-22,0.3486
2019-08-23,0.36060000000000003
2019-08-24,0.3558
2019-08-25,0.3654
2019-08-26,0.4682
2019-08-27,0.49340000000000006
2019-08-28,0.4389
2019-08-29,0.42460000000000003
2019-08-30,0.3525
2019-08-31,0.3553
2019-09-01,0.31829999999999997
2019-09-02,0.3225
2019-09-03,0.3194
2019-09-04,0.2841
2019-09-05,0.25420000000000004
2019-09-06,0.3418
2019-09-07,0.4978
2019-09-08,0.441
2019-09-09,0.3978
2019-09-10,0.3289
2019-09-11,0.3004
2019-09-12,0.2561
2019-09-13,0.2311
2019-09-14,0.2613
2019-09-15,0.31129999999999997
2019-09-16,0.30010000000000003
2019-09-17,0.25670000000000004
2019-09-18,0.26
2019-09-19,0.2004
2019-09-20,0.2141
2019-09-21,0.2418
2019-09-22,0.2919
2019-09-23,0.3971
2019-09-24,0.4764
2019-09-25,0.4144
2019-09-26,0.4697
2019-09-27,0.5429999999999999
2019-09-28,0.5323
2019-09-29,0.5454
2019-09-30,0.4468
2019-10-01,0.435
2019-10-02,0.3396
2019-10-03,0.3141
2019-10-04,0.302
2019-10-05,0.3539
2019-10-06,0.47759999999999997
2019-10-07,0.5331
2019-10-08,0.5920000000000001
2019-10-09,0.6524
2019-10-10,0.5553
2019-10-11,0.5253
2019-10-12,0.46149999999999997
2019-10-13,0.4154
2019-10-14,0.3898
2019-10-15,0.34119999999999995
2019-10-16,0.3335
2019-10-17,0.3477
2019-10-18,0.3204
2019-10-19,0.2775
2019-10-20,0.2872
2019-10-21,0.5932999999999999
2019-10-22,0.5956
2019-10-23,0.6297
2019-10-24,0.7494
2019-10-25,0.6761
2019-10-26,0.7241
2019-10-27,0.6612
2019-10-28,0.5954999999999999
2019-10-29,0.6242
2019-10-30,0.6096
2019-10-31,0.5267000000000001
2019-11-01,0.5056
2019-11-02,0.6065999999999999
2019-11-03,0.6685
2019-11-04,0.6245
2019-11-05,0.6906
2019-11-06,0.6853
2019-11-07,0.6653
2019-11-08,0.596
2019-11-09,0.5889
2019-11-10,0.5626
2019-11-11,0.5954999999999999
2019-11-12,0.5022
2019-11-13,0.47090000000000004
2019-11-14,0.5811999999999999
2019-11-15,0.7223999999999999
2019-11-16,0.74
2019-11-17,0.7043
2019-11-18,0.8348
2019-11-19,0.7159
2019-11-20,0.7994
2019-11-21,0.8349
2019-11-22,0.8011
2019-11-23,0.7454999999999999
2019-11-24,0.7570999999999999
2019-11-25,0.7356
2019-11-26,0.7612000000000001
2019-11-27,0.7903
2019-11-28,0.8025
2019-11-29,0.775
2019-11-30,0.8233
2019-12-01,0.7802
2019-12-02,0.7623000000000001
2019-12-03,0.8304
2019-12-04,0.8549
2019-12-05,0.8193
2019-12-06,0.7620999999999999
2019-12-07,0.8229000000000001
2019-12-08,0.8509
2019-12-09,0.8142
2019-12-10,0.8049
2019-12-11,0.7996
2019-12-12,0.8115000000000001
2019-12-13,0.8429000000000001
2019-12-14,0.7804000000000001
2019-12-15,0.7798
2019-12-16,0.7232999999999999
2019-12-17,0.6609999999999999
2019-12-18,0.6883
2019-12-19,0.7837000000000001
2019-12-20,0.7626999999999999
2019-12-21,0.7743000000000001
2019-12-22,0.7426
2019-12-23,0.8067
2019-12-24,0.8188
2019-12-25,0.7606999999999999
2019-12-26,0.8316
2019-12-27,0.7846
2019-12-28,0.7314
2019-12-29,0.7297
2019-12-30,0.6849
2019-12-31,0.6931
2020-01-01,0.7839
2020-01-02,0.8946999999999999
2020-01-03,0.8426
2020-01-04,0.8786
2020-01-05,0.9124
2020-01-06,0.8564
2020-01-07,0.8631
2020-01-08,0.8442000000000001
2020-01-09,0.8143
2020-01-10,0.8056
2020-01-11,0.7311
2020-01-12,0.682
2020-01-13,0.6851
2020-01-14,0.6903
2020-01-15,0.6865000000000001
2020-01-16,0.7232999999999999
2020-01-17,0.7786
2020-01-18,0.8256999999999999
2020-01-19,0.7756000000000001
2020-01-20,0.7944
2020-01-21,0.8294
2020-01-22,0.8606999999999999
2020-01-23,0.8744
2020-01-24,0.8661
2020-01-25,0.8946999999999999
2020-01-26,0.9231
2020-01-27,0.8704000000000001
2020-01-28,0.8645999999999999
2020-01-29,0.8378
2020-01-30,0.7974
2020-01-31,0.8554
2020-02-01,0.7987000000000001
2020-02-02,0.7658
2020-02-03,0.7648999999999999
2020-02-04,0.8498
2020-02-05,0.8521
2020-02-06,0.8719
2020-02-07,0.9029
2020-02-08,0.9201
2020-02-09,0.8956999999999999
2020-02-10,0.8453
2020-02-11,0.7902
2020-02-12,0.8653
2020-02-13,0.8320000000000001
2020-02-14,0.8045
2020-02-15,0.8223
2020-02-16,0.8027
2020-02-17,0.8826
2020-02-18,0.8268000000000001
2020-02-19,0.8345999999999999
2020-02-20,0.8371999999999999
2020-02-21,0.8551000000000001
2020-02-22,0.8621
2020-02-23,0.8289
2020-02-24,0.9066
2020-02-25,0.8245
2020-02-26,0.8543999999999999
2020-02-27,0.8432999999999999
2020-02-28,0.8754000000000001
2020-02-29,0.8593000000000001
2020-03-01,0.8692
2020-03-02,0.8756999999999999
2020-03-03,0.8726
2020-03-04,0.8541
2020-03-05,0.8823000000000001
2020-03-06,0.9048
2020-03-07,0.8754000000000001
2020-03-08,0.8334999999999999
2020-03-09,0.8440000000000001
2020-03-10,0.8481000000000001
2020-03-11,0.8569
2020-03-12,0.8671
2020-03-13,0.8565
2020-03-14,0.8476
2020-03-15,0.8648
2020-03-16,0.7863
2020-03-17,0.7652
2020-03-18,0.7737999999999999
2020-03-19,0.7994
2020-03-20,0.8939
2020-03-21,0.8803
2020-03-22,0.8798999999999999
2020-03-23,0.8733
2020-03-24,0.8848999999999999
2020-03-25,0.8715
2020-03-26,0.8765999999999999
2020-03-27,0.8802
2020-03-28,0.88
2020-03-29,0.8604
2020-03-30,0.8351999999999999
2020-03-31,0.8245
2020-04-01,0.7842
2020-04-02,0.8236
2020-04-03,0.8234
2020-04-04,0.8641
2020-04-05,0.8581
2020-04-06,0.8101
2020-04-07,0.8358
2020-04-08,0.8859999999999999
2020-04-09,0.8573999999999999
2020-04-10,0.8156
2020-04-11,0.7965000000000001
2020-04-12,0.7936
2020-04-13,0.8434
2020-04-14,0.8864
2020-04-15,0.9031
2020-04-16,0.9045000000000001
2020-04-17,0.8758
2020-04-18,0.8733
2020-04-19,0.8845999999999999
2020-04-20,0.8856
2020-04-21,0.8779
2020-04-22,0.9086
2020-04-23,0.8985
2020-04-24,0.8962
2020-04-25,0.8521
2020-04-26,0.8540000000000001
2020-04-27,0.8482
2020-04-28,0.8189
2020-04-29,0.8117
2020-04-30,0.7687
2020-05-01,0.7739
2020-05-02,0.7182
2020-05-03,0.6772
2020-05-04,0.7217
2020-05-05,0.7608
2020-05-06,0.7701
2020-05-07,0.8479000000000001
2020-05-08,0.8659
2020-05-09,0.8368000000000001
2020-05-10,0.7873
2020-05-11,0.7834
2020-05-12,0.7609999999999999
2020-05-13,0.8087000000000001
2020-05-14,0.7872
2020-05-15,0.8292
2020-05-16,0.8623000000000001
2020-05-17,0.8787999999999999
2020-05-18,0.8288
2020-05-19,0.8318000000000001
2020-05-20,0.8416
2020-05-21,0.8075
2020-05-22,0.8046
2020-05-23,0.8059999999999999
2020-05-24,0.8686
2020-05-25,0.8392000000000001
2020-05-26,0.7509
2020-05-27,0.6565000000000001
2020-05-28,0.7090000000000001
2020-05-29,0.7056999999999999
2020-05-30,0.7043
2020-05-31,0.7020000000000001
2020-06-01,0.6905
2020-06-02,0.7329000000000001
2020-06-03,0.7471
2020-06-04,0.7887000000000001
2020-06-05,0.7829
2020-06-06,0.7376999999999999
2020-06-07,0.7462000000000001
2020-06-08,0.7503
2020-06-09,0.7216
2020-06-10,0.6119
2020-06-11,0.6827
2020-06-12,0.6796
2020-06-13,0.6809000000000001
2020-06-14,0.6901999999999999
2020-06-15,0.7136
2020-06-16,0.7720999999999999
2020-06-17,0.7883
2020-06-18,0.7843000000000001
2020-06-19,0.7321
2020-06-20,0.7323000000000001
2020-06-21,0.6679
2020-06-22,0.6274000000000001
2020-06-23,0.6770999999999999
2020-06-24,0.7433
2020-06-25,0.6767
2020-06-26,0.631
2020-06-27,0.6245
2020-06-28,0.6448
2020-06-29,0.7012999999999999
2020-06-30,0.6146
2020-07-01,0.6152000000000001
2020-07-02,0.6701
2020-07-03,0.595
2020-07-04,0.5935
2020-07-05,0.6469
2020-07-06,0.6289
2020-07-07,0.6437
2020-07-08,0.6132
2020-07-09,0.5363
2020-07-10,0.5525
2020-07-11,0.589
2020-07-12,0.5292
2020-07-13,0.5128
2020-07-14,0.4375
2020-07-15,0.4893
2020-07-16,0.5418999999999999
2020-07-17,0.5777
2020-07-18,0.6323
2020-07-19,0.5932
2020-07-20,0.6027
2020-07-21,0.6509999999999999
2020-07-22,0.5934
2020-07-23,0.5385
2020-07-24,0.5658
2020-07-25,0.5978
2020-07-26,0.5897
2020-07-27,0.6063000000000001
2020-07-28,0.6097
2020-07-29,0.526
2020-07-30,0.4597
2020-07-31,0.5262
2020-08-01,0.5902000000000001
2020-08-02,0.5772999999999999
2020-08-03,0.5846
2020-08-04,0.4844
2020-08-05,0.5089
2020-08-06,0.5518
2020-08-07,0.5876
2020-08-08,0.5753
2020-08-09,0.5539000000000001
2020-08-10,0.5326
2020-08-11,0.5082
2020-08-12,0.4777
2020-08-13,0.48479999999999995
2020-08-14,0.4916
2020-08-15,0.4458
2020-08-16,0.39770000000000005
2020-08-17,0.3975
2020-08-18,0.4205
2020-08-19,0.4386
2020-08-20,0.4183
2020-08-21,0.5289
2020-08-22,0.5484
2020-08-23,0.5623
2020-08-24,0.5454
2020-08-25,0.4278
2020-08-26,0.28559999999999997
2020-08-27,0.2865
2020-08-28,0.43420000000000003
2020-08-29,0.4255
2020-08-30,0.3883
2020-08-31,0.39039999999999997
2020-09-01,0.381
2020-09-02,0.3953
2020-09-03,0.4114
2020-09-04,0.3846
2020-09-05,0.4
2020-09-06,0.3741
2020-09-07,0.3812
2020-09-08,0.3848
2020-09-09,0.39289999999999997
2020-09-10,0.35869999999999996
2020-09-11,0.3035
2020-09-12,0.31079999999999997
2020-09-13,0.37729999999999997
2020-09-14,0.39280000000000004
2020-09-15,0.35259999999999997
2020-09-16,0.3575
2020-09-17,0.3613
2020-09-18,0.26739999999999997
2020-09-19,0.24530000000000002
2020-09-20,0.2734
2020-09-21,0.48350000000000004
2020-09-22,0.745
2020-09-23,0.7353000000000001
2020-09-24,0.6629999999999999
2020-09-25,0.5475
2020-09-26,0.4326
2020-09-27,0.3686
2020-09-28,0.2949
2020-09-29,0.281
2020-09-30,0.3095
2020-10-01,0.33240000000000003
2020-10-02,0.304
2020-10-03,0.25780000000000003
2020-10-04,0.2547
2020-10-05,0.2933
2020-10-06,0.3722
2020-10-07,0.2893
2020-10-08,0.26890000000000003
2020-10-09,0.2688
2020-10-10,0.4454
2020-10-11,0.7203
2020-10-12,0.6846
2020-10-13,0.7066
2020-10-14,0.6964
2020-10-15,0.6077
2020-10-16,0.6224000000000001
2020-10-17,0.6071
2020-10-18,0.6812
2020-10-19,0.7859
2020-10-20,0.8114
2020-10-21,0.7514
2020-10-22,0.74
2020-10-23,0.8506999999999999
2020-10-24,0.8734999999999999
2020-10-25,0.7834
2020-10-26,0.8667
2020-10-27,0.7539
2020-10-28,0.8073999999999999
2020-10-29,0.7665000000000001
2020-10-30,0.7275
2020-10-31,0.8137000000000001
2020-11-01,0.8218000000000001
2020-11-02,0.7611
2020-11-03,0.7968000000000001
2020-11-04,0.7269
2020-11-05,0.6847
2020-11-06,0.6943
2020-11-07,0.7293000000000001
2020-11-08,0.6981
2020-11-09,0.6731999999999999
2020-11-10,0.7323999999999999
2020-11-11,0.6955
2020-11-12,0.7406999999999999
2020-11-13,0.8035
2020-11-14,0.7239
2020-11-15,0.777
2020-11-16,0.7364
2020-11-17,0.8225
2020-11-18,0.7915000000000001
2020-11-19,0.8848999999999999
2020-11-20,0.8398
2020-11-21,0.7265
2020-11-22,0.7456999999999999
2020-11-23,0.8101
2020-11-24,0.7582
2020-11-25,0.7931
2020-11-26,0.7234999999999999
2020-11-27,0.6487999999999999
2020-11-28,0.6844
2020-11-29,0.6657
2020-11-30,0.6323
2020-12-01,0.6172
2020-12-02,0.5895
2020-12-03,0.5653
2020-12-04,0.6214999999999999
2020-12-05,0.6851999999999999
2020-12-06,0.8328
2020-12-07,0.757
2020-12-08,0.7045
2020-12-09,0.794
2020-12-10,0.7805
2020-12-11,0.7942
2020-12-12,0.8162
2020-12-13,0.736
2020-12-14,0.6518999999999999
2020-12-15,0.5946
2020-12-16,0.607
2020-12-17,0.6057
2020-12-18,0.5783
2020-12-19,0.6518
2020-12-20,0.7706000000000001
2020-12-21,0.7484999999999999
2020-12-22,0.8139
2020-12-23,0.8434
2020-12-24,0.7996
2020-12-25,0.8445999999999999
2020-12-26,0.8315
2020-12-27,0.8078
2020-12-28,0.7938
2020-12-29,0.7014
2020-12-30,0.6659999999999999
2020-12-31,0.6556000000000001
2021-01-01,0.7293999999999999
2021-01-02,0.7401000000000001
2021-01-03,0.7049
2021-01-04,0.7927
2021-01-05,0.706
2021-01-06,0.6505
2021-01-07,0.7334999999999999
2021-01-08,0.7345999999999999
2021-01-09,0.6890999999999999
2021-01-10,0.7977
2021-01-11,0.7663
2021-01-12,0.7831
2021-01-13,0.7535
2021-01-14,0.8336
2021-01-15,0.8311
2021-01-16,0.8305
2021-01-17,0.7689
2021-01-18,0.7726999999999999
2021-01-19,0.6901999999999999
2021-01-20,0.6575
2021-01-21,0.6451
2021-01-22,0.6507
2021-01-23,0.6633
2021-01-24,0.6365
2021-01-25,0.6597
2021-01-26,0.7467
2021-01-27,0.7226
2021-01-28,0.583
2021-01-29,0.5528
2021-01-30,0.5490999999999999
2021-01-31,0.5869
2021-02-01,0.6603
2021-02-02,0.6894
2021-02-03,0.7442
2021-02-04,0.7339
2021-02-05,0.7842
2021-02-06,0.8658
2021-02-07,0.8525
2021-02-08,0.8019
2021-02-09,0.7691
2021-02-10,0.7161
2021-02-11,0.8693000000000001
2021-02-12,0.8968
2021-02-13,0.8475
2021-02-14,0.8615
2021-02-15,0.8456
2021-02-16,0.8748
2021-02-17,0.846
2021-02-18,0.8698999999999999
2021-02-19,0.8581
2021-02-20,0.8762000000000001
2021-02-21,0.9114
2021-02-22,0.8428
2021-02-23,0.8284999999999999
2021-02-24,0.8022
2021-02-25,0.838
2021-02-26,0.8948
2021-02-27,0.8762000000000001
2021-02-28,0.8656
2021-03-01,0.8659
2021-03-02,0.8619
2021-03-03,0.7667
2021-03-04,0.7195
2021-03-05,0.7494
2021-03-06,0.8236
2021-03-07,0.8312999999999999
2021-03-08,0.8579000000000001
2021-03-09,0.8416
2021-03-10,0.8654000000000001
2021-03-11,0.8179000000000001
2021-03-12,0.7842
2021-03-13,0.7864
2021-03-14,0.7977
2021-03-15,0.8273
2021-03-16,0.8664000000000001
2021-03-17,0.7681999999999999
2021-03-18,0.7731
2021-03-19,0.8240999999999999
2021-03-20,0.8267
2021-03-21,0.8223
2021-03-22,0.8218000000000001
2021-03-23,0.7519
2021-03-24,0.7337
2021-03-25,0.7226
2021-03-26,0.6892
2021-03-27,0.7056
2021-03-28,0.6329
2021-03-29,0.5878
2021-03-30,0.5767
2021-03-31,0.6715000000000001
2021-04-01,0.7178
2021-04-02,0.7259
2021-04-03,0.7651
2021-04-04,0.8055
2021-04-05,0.8497
2021-04-06,0.8656
2021-04-07,0.8721
2021-04-08,0.8599
2021-04-09,0.8216
2021-04-10,0.7656000000000001
2021-04-11,0.6759999999999999
2021-04-12,0.7039
2021-04-13,0.6999
2021-04-14,0.6687000000000001
2021-04-15,0.7056999999999999
2021-04-16,0.7359
2021-04-17,0.6353
2021-04-18,0.7552
2021-04-19,0.8039000000000001
2021-04-20,0.7481
2021-04-21,0.6670999999999999
2021-04-22,0.6159
2021-04-23,0.5959
2021-04-24,0.5966
2021-04-25,0.6259
2021-04-26,0.6623
2021-04-27,0.7421
2021-04-28,0.7574
2021-04-29,0.7696
2021-04-30,0.8271999999999999
2021-05-01,0.7846
2021-05-02,0.7395999999999999
2021-05-03,0.7051999999999999
2021-05-04,0.6769
2021-05-05,0.6657
2021-05-06,0.6990999999999999
2021-05-07,0.6473
2021-05-08,0.6657
2021-05-09,0.6607999999999999
2021-05-10,0.6545000000000001
2021-05-11,0.6568999999999999
2021-05-12,0.6454000000000001
2021-05-13,0.6131
2021-05-14,0.6231
2021-05-15,0.6294
2021-05-16,0.6327
2021-05-17,0.6057
2021-05-18,0.6093999999999999
2021-05-19,0.5383
2021-05-20,0.5734
2021-05-21,0.5635
2021-05-22,0.5807
2021-05-23,0.6124
2021-05-24,0.6945999999999999
2021-05-25,0.608
2021-05-26,0.6113000000000001
2021-05-27,0.5988
2021-05-28,0.595
2021-05-29,0.5471
2021-05-30,0.591
2021-05-31,0.5108
2021-06-01,0.5403
2021-06-02,0.5671
2021-06-03,0.54
2021-06-04,0.574
2021-06-05,0.6192
2021-06-06,0.6152000000000001
2021-06-07,0.5745
2021-06-08,0.5888
2021-06-09,0.5423
2021-06-10,0.5366
2021-06-11,0.5482
2021-06-12,0.6236999999999999
2021-06-13,0.5513
2021-06-14,0.6908
2021-06-15,0.6934
2021-06-16,0.5892000000000001
2021-06-17,0.5094
2021-06-18,0.5229
2021-06-19,0.5681
2021-06-20,0.6275999999999999
2021-06-21,0.5871
2021-06-22,0.5083
2021-06-23,0.5576
2021-06-24,0.5645
2021-06-25,0.5710999999999999
2021-06-26,0.5108
2021-06-27,0.49979999999999997
2021-06-28,0.5540999999999999
2021-06-29,0.5435
2021-06-30,0.5799
2021-07-01,0.4653
2021-07-02,0.6236999999999999
2021-07-03,0.5535
2021-07-04,0.5165
2021-07-05,0.4963
2021-07-06,0.5558
2021-07-07,0.4804
2021-07-08,0.4244
2021-07-09,0.4456
2021-07-10,0.4217
2021-07-11,0.39740000000000003
2021-07-12,0.4301
2021-07-13,0.4511
2021-07-14,0.4839
2021-07-15,0.45840000000000003
2021-07-16,0.46399999999999997
2021-07-17,0.38299999999999995
2021-07-18,0.387
2021-07-19,0.4167
2021-07-20,0.2121
2021-07-21,0.38780000000000003
2021-07-22,0.4792
2021-07-23,0.5081
2021-07-24,0.5002
2021-07-25,0.44939999999999997
2021-07-26,0.4359
2021-07-27,0.4236
2021-07-28,0.40159999999999996
2021-07-29,0.43119999999999997
2021-07-30,0.31670000000000004
2021-07-31,0.3896
2021-08-01,0.5067
2021-08-02,0.5149
2021-08-03,0.4508
2021-08-04,0.43329999999999996
2021-08-05,0.5186999999999999
2021-08-06,0.5843
2021-08-07,0.6512
2021-08-08,0.5102
2021-08-09,0.4936
2021-08-10,0.5281
2021-08-11,0.486
2021-08-12,0.41090000000000004
2021-08-13,0.40990000000000004
2021-08-14,0.39590000000000003
2021-08-15,0.37079999999999996
2021-08-16,0.3531
2021-08-17,0.3729
2021-08-18,0.419
2021-08-19,0.4533
2021-08-20,0.42369999999999997
2021-08-21,0.4036
2021-08-22,0.4023
2021-08-23,0.3729
2021-08-24,0.3685
2021-08-25,0.32289999999999996
2021-08-26,0.311
2021-08-27,0.35509999999999997
2021-08-28,0.3996
2021-08-29,0.46009999999999995
2021-08-30,0.4533
2021-08-31,0.4558
2021-09-01,0.46759999999999996
2021-09-02,0.4117
2021-09-03,0.41340000000000005
2021-09-04,0.3829
2021-09-05,0.3119
2021-09-06,0.25170000000000003
2021-09-07,0.271
2021-09-08,0.3042
2021-09-09,0.2666
2021-09-10,0.2299
2021-09-11,0.2122
2021-09-12,0.2284
2021-09-13,0.24050000000000002
2021-09-14,0.2483
2021-09-15,0.2938
2021-09-16,0.25579999999999997
2021-09-17,0.28800000000000003
2021-09-18,0.2243
2021-09-19,0.2107
2021-09-20,0.2612
2021-09-21,0.2952
2021-09-22,0.24780000000000002
2021-09-23,0.41600000000000004
2021-09-24,0.4304
2021-09-25,0.4829
2021-09-26,0.5104
2021-09-27,0.44799999999999995
2021-09-28,0.409
2021-09-29,0.4388
2021-09-30,0.47130000000000005
2021-10-01,0.5135000000000001
2021-10-02,0.5387
2021-10-03,0.4826
2021-10-04,0.47950000000000004
2021-10-05,0.4471
2021-10-06,0.3546
2021-10-07,0.3818
2021-10-08,0.48350000000000004
2021-10-09,0.4851
2021-10-10,0.6598
2021-10-11,0.6339
2021-10-12,0.6377
2021-10-13,0.6968000000000001
2021-10-14,0.7256999999999999
2021-10-15,0.6720999999999999
2021-10-16,0.7018000000000001
2021-10-17,0.6578
2021-10-18,0.8151
2021-10-19,0.7409
2021-10-20,0.7026
2021-10-21,0.7284999999999999
2021-10-22,0.687
2021-10-23,0.6474
2021-10-24,0.6973999999999999
2021-10-25,0.7218000000000001
2021-10-26,0.737
2021-10-27,0.6987000000000001
2021-10-28,0.6121
2021-10-29,0.5720000000000001
2021-10-30,0.6025
2021-10-31,0.8205
2021-11-01,0.7618
2021-11-02,0.735
2021-11-03,0.7998000000000001
2021-11-04,0.8009999999999999
2021-11-05,0.7172
2021-11-06,0.6487
2021-11-07,0.7491
2021-11-08,0.7666
2021-11-09,0.7934
2021-11-10,0.8018000000000001
2021-11-11,0.8538
2021-11-12,0.8170999999999999
2021-11-13,0.8437
2021-11-14,0.8504999999999999
2021-11-15,0.8423
2021-11-16,0.8388
2021-11-17,0.8414
2021-11-18,0.8465
2021-11-19,0.8623999999999999
2021-11-20,0.8279000000000001
2021-11-21,0.8419
2021-11-22,0.813
2021-11-23,0.7909
2021-11-24,0.755
2021-11-25,0.7408
2021-11-26,0.7565000000000001
2021-11-27,0.8299
2021-11-28,0.8673000000000001
2021-11-29,0.8722
2021-11-30,0.818
2021-12-01,0.8942
2021-12-02,0.8070999999999999
2021-12-03,0.8237000000000001
2021-12-04,0.8103
2021-12-05,0.8181999999999999
2021-12-06,0.8418000000000001
2021-12-07,0.7907
2021-12-08,0.7979
2021-12-09,0.7905
2021-12-10,0.8231999999999999
2021-12-11,0.838
2021-12-12,0.8792
2021-12-13,0.8776
2021-12-14,0.8576
2021-12-15,0.8292
2021-12-16,0.8634999999999999
2021-12-17,0.8475
2021-12-18,0.8495999999999999
2021-12-19,0.8959999999999999
2021-12-20,0.8491
2021-12-21,0.8456999999999999
2021-12-22,0.8525
2021-12-23,0.8855
2021-12-24,0.8423
2021-12-25,0.8157
2021-12-26,0.7957
2021-12-27,0.8637
2021-12-28,0.8925
2021-12-29,0.8262
2021-12-30,0.9116
2021-12-31,0.9025
2022-01-01,0.9025
2022-01-02,0.8806999999999999
2022-01-03,0.8611
2022-01-04,0.8695999999999999
2022-01-05,0.8583
2022-01-06,0.9020999999999999
2022-01-07,0.9247
2022-01-08,0.9045000000000001
2022-01-09,0.9033
2022-01-10,0.9037999999999999
2022-01-11,0.912
2022-01-12,0.8822
2022-01-13,0.8484
2022-01-14,0.8136
2022-01-15,0.7713
2022-01-16,0.7611
2022-01-17,0.7974
2022-01-18,0.8164
2022-01-19,0.7829
2022-01-20,0.7459
2022-01-21,0.7929999999999999
2022-01-22,0.8208
2022-01-23,0.8133
2022-01-24,0.804
2022-01-25,0.7983
2022-01-26,0.8488
2022-01-27,0.7985
2022-01-28,0.8406999999999999
2022-01-29,0.8571
2022-01-30,0.8681
2022-01-31,0.8495999999999999
2022-02-01,0.8833
2022-02-02,0.8725
2022-02-03,0.8204
2022-02-04,0.7922
2022-02-05,0.8354
2022-02-06,0.893
2022-02-07,0.8586
2022-02-08,0.855
2022-02-09,0.8903
2022-02-10,0.8664000000000001
2022-02-11,0.8686
2022-02-12,0.8541
2022-02-13,0.8808
2022-02-14,0.8632
2022-02-15,0.8393999999999999
2022-02-16,0.8482999999999999
2022-02-17,0.8832
2022-02-18,0.8464
2022-02-19,0.9138
2022-02-20,0.8297
2022-02-21,0.8528
2022-02-22,0.8645
2022-02-23,0.8212999999999999
2022-02-24,0.8445999999999999
2022-02-25,0.8432
2022-02-26,0.8340000000000001
2022-02-27,0.8059999999999999
2022-02-28,0.7890999999999999
2022-03-01,0.7886
2022-03-02,0.8056
2022-03-03,0.8220999999999999
2022-03-04,0.8320000000000001
2022-03-05,0.8314
2022-03-06,0.8123
2022-03-07,0.8387
2022-03-08,0.799
2022-03-09,0.7881999999999999
2022-03-10,0.7751
2022-03-11,0.7565000000000001
2022-03-12,0.7957
2022-03-13,0.8214
2022-03-14,0.8362999999999999
2022-03-15,0.8311
2022-03-16,0.8195
2022-03-17,0.8306
2022-03-18,0.8275
2022-03-19,0.7976000000000001
2022-03-20,0.7454999999999999
2022-03-21,0.7905
2022-03-22,0.7879
2022-03-23,0.8059999999999999
2022-03-24,0.7648999999999999
2022-03-25,0.7555
2022-03-26,0.7406
2022-03-27,0.7395999999999999
2022-03-28,0.7312000000000001
2022-03-29,0.6957
2022-03-30,0.684
2022-03-31,0.7005
2022-04-01,0.6472
2022-04-02,0.6774
2022-04-03,0.6947
2022-04-04,0.6823999999999999
2022-04-05,0.6564
2022-04-06,0.6895
2022-04-07,0.6618
2022-04-08,0.6784
2022-04-09,0.6868000000000001
2022-04-10,0.755
2022-04-11,0.7554000000000001
2022-04-12,0.863
2022-04-13,0.7757
2022-04-14,0.7729
2022-04-15,0.7583
2022-04-16,0.6828
2022-04-17,0.7169
2022-04-18,0.7273999999999999
2022-04-19,0.7121
2022-04-20,0.6236999999999999
2022-04-21,0.6034
2022-04-22,0.6425
2022-04-23,0.6563
2022-04-24,0.6681
2022-04-25,0.6575
2022-04-26,0.6535
2022-04-27,0.6397999999999999
2022-04-28,0.6128
2022-04-29,0.6336999999999999
2022-04-30,0.6034
2022-05-01,0.6042000000000001
2022-05-02,0.5921
2022-05-03,0.6051
2022-05-04,0.6365999999999999
2022-05-05,0.6951999999999999
2022-05-06,0.687
2022-05-07,0.6825
2022-05-08,0.6567000000000001
2022-05-09,0.5992999999999999
2022-05-10,0.5965
2022-05-11,0.5618
2022-05-12,0.5787
2022-05-13,0.5928
2022-05-14,0.5943
2022-05-15,0.6681999999999999
2022-05-16,0.7095
2022-05-17,0.7034999999999999
2022-05-18,0.44079999999999997
2022-05-19,0.5403
2022-05-20,0.5654
2022-05-21,0.4899
2022-05-22,0.483
2022-05-23,0.5831000000000001
2022-05-24,0.555
2022-05-25,0.593
2022-05-26,0.6413
2022-05-27,0.5937
2022-05-28,0.5263
2022-05-29,0.46740000000000004
2022-05-30,0.455
2022-05-31,0.44520000000000004
2022-06-01,0.4372
2022-06-02,0.48469999999999996
2022-06-03,0.4436
2022-06-04,0.5637
2022-06-05,0.6283
2022-06-06,0.5532
2022-06-07,0.4719
2022-06-08,0.4644
2022-06-09,0.3961
2022-06-10,0.41479999999999995
2022-06-11,0.6317
2022-06-12,0.5457
2022-06-13,0.4768
2022-06-14,0.5001
2022-06-15,0.6078
2022-06-16,0.5274
2022-06-17,0.4158
2022-06-18,0.3981
2022-06-19,0.4428
2022-06-20,0.4861
2022-06-21,0.551
2022-06-22,0.5082
2022-06-23,0.484
2022-06-24,0.5009
2022-06-25,0.4532
2022-06-26,0.456
2022-06-27,0.5414
2022-06-28,0.5516
2022-06-29,0.5025999999999999
2022-06-30,0.4579
2022-07-01,0.4335
2022-07-02,0.5141
2022-07-03,0.5044
2022-07-04,0.5169
2022-07-05,0.5081
2022-07-06,0.5127
2022-07-07,0.5152
2022-07-08,0.5178
2022-07-09,0.5115999999999999
2022-07-10,0.5668
2022-07-11,0.5787
2022-07-12,0.4918
2022-07-13,0.4249
2022-07-14,0.5141
2022-07-15,0.5249
2022-07-16,0.495
2022-07-17,0.4629
2022-07-18,0.4621
2022-07-19,0.5061
2022-07-20,0.5109
2022-07-21,0.5063
2022-07-22,0.4646
2022-07-23,0.4839
2022-07-24,0.503
2022-07-25,0.48469999999999996
2022-07-26,0.47159999999999996
2022-07-27,0.4578
2022-07-28,0.4265
2022-07-29,0.385
2022-07-30,0.31379999999999997
2022-07-31,0.4054
2022-08-01,0.3614
2022-08-02,0.4294
2022-08-03,0.41119999999999995
2022-08-04,0.39799999999999996
2022-08-05,0.3556
2022-08-06,0.2999
2022-08-07,0.3044
2022-08-08,0.33149999999999996
2022-08-09,0.395
2022-08-10,0.46020000000000005
2022-08-11,0.3329
2022-08-12,0.3285
2022-08-13,0.3921
2022-08-14,0.433
2022-08-15,0.3834
2022-08-16,0.39840000000000003
2022-08-17,0.3775
2022-08-18,0.3578
2022-08-19,0.39649999999999996
2022-08-20,0.4403
2022-08-21,0.4606
2022-08-22,0.4742
2022-08-23,0.4656
2022-08-24,0.4426
2022-08-25,0.3741
2022-08-26,0.40619999999999995
2022-08-27,0.41609999999999997
2022-08-28,0.3718
2022-08-29,0.3518
2022-08-30,0.41729999999999995
2022-08-31,0.4804
2022-09-01,0.37770000000000004
2022-09-02,0.34659999999999996
2022-09-03,0.2994
2022-09-04,0.2877
2022-09-05,0.2888
2022-09-06,0.4437
2022-09-07,0.45890000000000003
2022-09-08,0.3749
2022-09-09,0.33990000000000004
2022-09-10,0.2712
2022-09-11,0.24050000000000002
2022-09-12,0.2641
2022-09-13,0.2491
2022-09-14,0.2006
2022-09-15,0.3397
2022-09-16,0.4181
2022-09-17,0.4376
2022-09-18,0.5764
2022-09-19,0.6215999999999999
2022-09-20,0.5804
2022-09-21,0.5847
2022-09-22,0.7078
2022-09-23,0.7376999999999999
2022-09-24,0.6371
2022-09-25,0.69
2022-09-26,0.6443000000000001
2022-09-27,0.5758
2022-09-28,0.6019
2022-09-29,0.5801
2022-09-30,0.5993999999999999
2022-10-01,0.6162
2022-10-02,0.6341
2022-10-03,0.61
2022-10-04,0.6318
2022-10-05,0.6218
2022-10-06,0.5779
2022-10-07,0.6828
2022-10-08,0.626
2022-10-09,0.6509
2022-10-10,0.5401
2022-10-11,0.4017
2022-10-12,0.3699
2022-10-13,0.3533
2022-10-14,0.32380000000000003
2022-10-15,0.3514
2022-10-16,0.3997
2022-10-17,0.29719999999999996
2022-10-18,0.3099
2022-10-19,0.3299
2022-10-20,0.332
2022-10-21,0.4304
2022-10-22,0.5121
2022-10-23,0.6099
2022-10-24,0.6659999999999999
2022-10-25,0.5543
2022-10-26,0.48719999999999997
2022-10-27,0.48810000000000003
2022-10-28,0.5605
2022-10-29,0.611
2022-10-30,0.6539
2022-10-31,0.7202
2022-11-01,0.7475
2022-11-02,0.779
2022-11-03,0.7226
2022-11-04,0.6581999999999999
2022-11-05,0.6325
2022-11-06,0.6163000000000001
2022-11-07,0.6431999999999999
2022-11-08,0.7070000000000001
2022-11-09,0.6686
2022-11-10,0.6922
2022-11-11,0.6793
2022-11-12,0.7356
2022-11-13,0.6827
2022-11-14,0.726
2022-11-15,0.7303000000000001
2022-11-16,0.7475
2022-11-17,0.6888
2022-11-18,0.7070000000000001
2022-11-19,0.7754000000000001
2022-11-20,0.7706999999999999
2022-11-21,0.7369
2022-11-22,0.7059000000000001
2022-11-23,0.863
2022-11-24,0.8295
2022-11-25,0.7456
2022-11-26,0.7841
2022-11-27,0.8101999999999999
2022-11-28,0.8258
2022-11-29,0.7839
2022-11-30,0.8251999999999999
2022-12-01,0.7776000000000001
2022-12-02,0.8402
2022-12-03,0.8826
2022-12-04,0.84
2022-12-05,0.8515999999999999
2022-12-06,0.8437
2022-12-07,0.8297
2022-12-08,0.8015000000000001
2022-12-09,0.8093
2022-12-10,0.8554999999999999
2022-12-11,0.8045
2022-12-12,0.8264
2022-12-13,0.9017000000000001
2022-12-14,0.8676999999999999
2022-12-15,0.8769
2022-12-16,0.8996999999999999
2022-12-17,0.8697
2022-12-18,0.836
2022-12-19,0.9039
2022-12-20,0.8978
2022-12-21,0.9065000000000001
2022-12-22,0.8687
2022-12-23,0.7889
2022-12-24,0.8541
2022-12-25,0.8621
2022-12-26,0.9073
2022-12-27,0.8609
2022-12-28,0.8454
2022-12-29,0.8331999999999999
2022-12-30,0.8176000000000001
2022-12-31,0.8606
2023-01-01,0.8292
2023-01-02,0.8384999999999999
2023-01-03,0.8508
2023-01-04,0.8719
2023-01-05,0.8698
2023-01-06,0.8994
2023-01-07,0.8925
2023-01-08,0.8617
2023-01-09,0.8811
2023-01-10,0.8428
2023-01-11,0.8534999999999999
2023-01-12,0.8499
2023-01-13,0.8603000000000001
2023-01-14,0.8044
2023-01-15,0.8144
2023-01-16,0.821
2023-01-17,0.7767000000000001
2023-01-18,0.7592
2023-01-19,0.7905
2023-01-20,0.8233
2023-01-21,0.8884000000000001
2023-01-22,0.8486
2023-01-23,0.8739
2023-01-24,0.848
2023-01-25,0.8484999999999999
2023-01-26,0.8703
2023-01-27,0.8537
2023-01-28,0.8049
2023-01-29,0.8064
2023-01-30,0.8264
2023-01-31,0.7908
2023-02-01,0.7633
2023-02-02,0.7403
2023-02-03,0.7864
2023-02-04,0.826
2023-02-05,0.8538
2023-02-06,0.7877
2023-02-07,0.7126
2023-02-08,0.7131000000000001
2023-02-09,0.7792
2023-02-10,0.7883
2023-02-11,0.7034999999999999
2023-02-12,0.7161
2023-02-13,0.6944
2023-02-14,0.6962999999999999
2023-02-15,0.6756
2023-02-16,0.7212000000000001
2023-02-17,0.7315
2023-02-18,0.825
2023-02-19,0.7606999999999999
2023-02-20,0.7701
2023-02-21,0.7663
2023-02-22,0.7689
2023-02-23,0.7988
2023-02-24,0.8259000000000001
2023-02-25,0.7545999999999999
2023-02-26,0.7336
2023-02-27,0.6929000000000001
2023-02-28,0.7123999999999999
2023-03-01,0.7395999999999999
2023-03-02,0.7654000000000001
2023-03-03,0.755
2023-03-04,0.688
2023-03-05,0.6633
2023-03-06,0.7142000000000001
2023-03-07,0.7887000000000001
2023-03-08,0.8370000000000001
2023-03-09,0.7989
2023-03-10,0.7831999999999999
2023-03-11,0.7801
2023-03-12,0.8321999999999999
2023-03-13,0.8533
2023-03-14,0.8593999999999999
2023-03-15,0.8240999999999999
2023-03-16,0.8225
2023-03-17,0.8398
2023-03-18,0.7853
2023-03-19,0.8220000000000001
2023-03-20,0.8281999999999999
2023-03-21,0.8358
2023-03-22,0.807
2023-03-23,0.7829
2023-03-24,0.7365999999999999
2023-03-25,0.6753
2023-03-26,0.6284000000000001
2023-03-27,0.6133
2023-03-28,0.7062
2023-03-29,0.6857
2023-03-30,0.6015
2023-03-31,0.6292
2023-04-01,0.6686
2023-04-02,0.8062999999999999
2023-04-03,0.7275
2023-04-04,0.7561
2023-04-05,0.7465999999999999
2023-04-06,0.742
2023-04-07,0.7837000000000001
2023-04-08,0.8393999999999999
2023-04-09,0.8068000000000001
2023-04-10,0.818
2023-04-11,0.8437
2023-04-12,0.8351000000000001
2023-04-13,0.7687999999999999
2023-04-14,0.8321999999999999
2023-04-15,0.7669
2023-04-16,0.7548999999999999
2023-04-17,0.7348
2023-04-18,0.754
2023-04-19,0.8362999999999999
2023-04-20,0.795
2023-04-21,0.7132
2023-04-22,0.7687999999999999
2023-04-23,0.7454999999999999
2023-04-24,0.7192000000000001
2023-04-25,0.6955
2023-04-26,0.6781
2023-04-27,0.6778
2023-04-28,0.7338
2023-04-29,0.7328
2023-04-30,0.7359
2023-05-01,0.6737000000000001
2023-05-02,0.6492
2023-05-03,0.6425
2023-05-04,0.6587999999999999
2023-05-05,0.6481
2023-05-06,0.654
2023-05-07,0.6634
2023-05-08,0.6222
2023-05-09,0.6233
2023-05-10,0.6433
2023-05-11,0.685
2023-05-12,0.7054
2023-05-13,0.5681
2023-05-14,0.5761999999999999
2023-05-15,0.6476000000000001
2023-05-16,0.6359
2023-05-17,0.5761999999999999
2023-05-18,0.51
2023-05-19,0.5103
2023-05-20,0.4892
2023-05-21,0.5232
2023-05-22,0.49770000000000003
2023-05-23,0.5661999999999999
2023-05-24,0.6073
2023-05-25,0.6134000000000001
2023-05-26,0.6175999999999999
2023-05-27,0.5964
2023-05-28,0.5755
2023-05-29,0.5426
2023-05-30,0.505
2023-05-31,0.5885
2023-06-01,0.6517000000000001
2023-06-02,0.5851
2023-06-03,0.4902
2023-06-04,0.46740000000000004
2023-06-05,0.47200000000000003
2023-06-06,0.4644
2023-06-07,0.4833
2023-06-08,0.4939
2023-06-09,0.5094
2023-06-10,0.5743
2023-06-11,0.5579
2023-06-12,0.5015999999999999
2023-06-13,0.47130000000000005
2023-06-14,0.4443
2023-06-15,0.46759999999999996
2023-06-16,0.6213000000000001
2023-06-17,0.6651
2023-06-18,0.6078
2023-06-19,0.5023
2023-06-20,0.4704
2023-06-21,0.49770000000000003
2023-06-22,0.5035000000000001
2023-06-23,0.48
2023-06-24,0.4833
2023-06-25,0.5385
2023-06-26,0.5452
2023-06-27,0.5590999999999999
2023-06-28,0.496
2023-06-29,0.5012
2023-06-30,0.5294
2023-07-01,0.4918
2023-07-02,0.44920000000000004
2023-07-03,0.4355
2023-07-04,0.44409999999999994
2023-07-05,0.4571
2023-07-06,0.41
2023-07-07,0.4607
2023-07-08,0.44670000000000004
2023-07-09,0.4215
2023-07-10,0.38939999999999997
2023-07-11,0.38049999999999995
2023-07-12,0.4106
2023-07-13,0.4397
2023-07-14,0.5608
2023-07-15,0.5159
2023-07-16,0.4249
2023-07-17,0.4451
2023-07-18,0.40990000000000004
2023-07-19,0.3981
2023-07-20,0.5246999999999999
2023-07-21,0.6117
2023-07-22,0.5595
2023-07-23,0.49729999999999996
2023-07-24,0.5424
2023-07-25,0.5366
2023-07-26,0.36920000000000003
2023-07-27,0.39590000000000003
2023-07-28,0.4876
2023-07-29,0.4474
2023-07-30,0.42829999999999996
2023-07-31,0.48229999999999995
2023-08-01,0.4366
2023-08-02,0.4139
2023-08-03,0.34009999999999996
2023-08-04,0.31489999999999996
2023-08-05,0.2797
2023-08-06,0.3065
2023-08-07,0.28559999999999997
2023-08-08,0.2909
2023-08-09,0.3839
2023-08-10,0.3831
2023-08-11,0.3896
2023-08-12,0.3417
2023-08-13,0.38659999999999994
2023-08-14,0.4549
2023-08-15,0.4156
2023-08-16,0.4986
2023-08-17,0.5053
2023-08-18,0.39149999999999996
2023-08-19,0.34990000000000004
2023-08-20,0.3378
2023-08-21,0.3776
2023-08-22,0.3497
2023-08-23,0.3039
2023-08-24,0.3936
2023-08-25,0.4742
2023-08-26,0.5481
2023-08-27,0.5496
2023-08-28,0.5863
2023-08-29,0.6934
2023-08-30,0.6978
2023-08-31,0.6214
2023-09-01,0.6511
2023-09-02,0.6531
2023-09-03,0.6082
2023-09-04,0.5843
2023-09-05,0.5713
2023-09-06,0.5714
2023-09-07,0.48619999999999997
2023-09-08,0.4794
2023-09-09,0.35840000000000005
2023-09-10,0.3713
2023-09-11,0.3789
2023-09-12,0.40700000000000003
2023-09-13,0.3569
2023-09-14,0.3577
2023-09-15,0.4704
2023-09-16,0.4783
2023-09-17,0.4661
2023-09-18,0.4006
2023-09-19,0.31629999999999997
2023-09-20,0.3165
2023-09-21,0.3319
2023-09-22,0.3293
2023-09-23,0.2913
2023-09-24,0.28809999999999997
2023-09-25,0.3139
2023-09-26,0.33159999999999995
2023-09-27,0.4061
2023-09-28,0.5197999999999999
2023-09-29,0.6665000000000001
2023-09-30,0.5957
2023-10-01,0.5892000000000001
2023-10-02,0.7081000000000001
2023-10-03,0.7459
2023-10-04,0.6165999999999999
2023-10-05,0.6059
2023-10-06,0.6509
2023-10-07,0.6653
2023-10-08,0.7165
2023-10-09,0.6487999999999999
2023-10-10,0.6401
2023-10-11,0.5676
2023-10-12,0.5649000000000001
2023-10-13,0.6662
2023-10-14,0.6666
2023-10-15,0.5381
2023-10-16,0.4789
2023-10-17,0.43689999999999996
2023-10-18,0.38799999999999996
2023-10-19,0.40740000000000004
2023-10-20,0.46090000000000003
2023-10-21,0.5725
2023-10-22,0.5387
2023-10-23,0.493
2023-10-24,0.5058
2023-10-25,0.5436
2023-10-26,0.5538000000000001
2023-10-27,0.5558
2023-10-28,0.6614
2023-10-29,0.5892000000000001
2023-10-30,0.5357999999999999
2023-10-31,0.6293
2023-11-01,0.6679999999999999
2023-11-02,0.6849
2023-11-03,0.7937000000000001
2023-11-04,0.7494
2023-11-05,0.6631999999999999
2023-11-06,0.6014
2023-11-07,0.5683
2023-11-08,0.505
2023-11-09,0.3926
2023-11-10,0.43670000000000003
2023-11-11,0.4182
2023-11-12,0.40630000000000005
2023-11-13,0.38189999999999996
2023-11-14,0.38130000000000003
2023-11-15,0.3455
2023-11-16,0.3546
2023-11-17,0.35729999999999995
2023-11-18,0.43
2023-11-19,0.4436
2023-11-20,0.6137
2023-11-21,0.6978
2023-11-22,0.7287
2023-11-23,0.6612
2023-11-24,0.5979
2023-11-25,0.5871999999999999
2023-11-26,0.6776000000000001
2023-11-27,0.6948000000000001
2023-11-28,0.6222
2023-11-29,0.5767
2023-11-30,0.5866
2023-12-01,0.6156
2023-12-02,0.5655
2023-12-03,0.6315999999999999
2023-12-04,0.7162999999999999
2023-12-05,0.7015
2023-12-06,0.6101
2023-12-07,0.5038
2023-12-08,0.4756
2023-12-09,0.4936
2023-12-10,0.5611999999999999
2023-12-11,0.6525
2023-12-12,0.6631999999999999
2023-12-13,0.5781000000000001
2023-12-14,0.48710000000000003
2023-12-15,0.3864
2023-12-16,0.40009999999999996
2023-12-17,0.4215
2023-12-18,0.4506
2023-12-19,0.5127
2023-12-20,0.6945999999999999
2023-12-21,0.8379000000000001
2023-12-22,0.7956
2023-12-23,0.7581
2023-12-24,0.7225
2023-12-25,0.6687000000000001
2023-12-26,0.7508
2023-12-27,0.6511
2023-12-28,0.6389
2023-12-29,0.6692
2023-12-30,0.7537999999999999
2023-12-31,0.7563
2024-01-01,0.7865000000000001
2024-01-02,0.8552
2024-01-03,0.9001
2024-01-04,0.879
2024-01-05,0.8826
2024-01-06,0.7977
2024-01-07,0.7704000000000001
2024-01-08,0.8724
2024-01-09,0.8713
2024-01-10,0.8499
2024-01-11,0.8362
2024-01-12,0.8022
2024-01-13,0.8123
2024-01-14,0.7936
2024-01-15,0.8245999999999999
2024-01-16,0.7684000000000001
2024-01-17,0.7328
2024-01-18,0.7168000000000001
2024-01-19,0.7214
2024-01-20,0.7153
2024-01-21,0.7656999999999999
2024-01-22,0.805
2024-01-23,0.8399
2024-01-24,0.8826999999999999
2024-01-25,0.8294
2024-01-26,0.7809999999999999
2024-01-27,0.813
2024-01-28,0.8619
2024-01-29,0.8101999999999999
2024-01-30,0.7468
2024-01-31,0.7924
2024-02-01,0.836
2024-02-02,0.8472
2024-02-03,0.8218000000000001
2024-02-04,0.7854000000000001
2024-02-05,0.8175
2024-02-06,0.7907
2024-02-07,0.8117
2024-02-08,0.8423
2024-02-09,0.8462000000000001
2024-02-10,0.8606999999999999
2024-02-11,0.8523999999999999
2024-02-12,0.7845
2024-02-13,0.7509
2024-02-14,0.6507
2024-02-15,0.6476000000000001
2024-02-16,0.8092
2024-02-17,0.8133
2024-02-18,0.8462999999999999
2024-02-19,0.8634999999999999
2024-02-20,0.8965000000000001
2024-02-21,0.9107
2024-02-22,0.8371
2024-02-23,0.8806999999999999
2024-02-24,0.8126000000000001
2024-02-25,0.7984
2024-02-26,0.7312000000000001
2024-02-27,0.7347
2024-02-28,0.6726000000000001
2024-02-29,0.6393
2024-03-01,0.7001999999999999
2024-03-02,0.6743000000000001
2024-03-03,0.6579
2024-03-04,0.8375
2024-03-05,0.7767000000000001
2024-03-06,0.7764
2024-03-07,0.7615999999999999
2024-03-08,0.6995
2024-03-09,0.6895
2024-03-10,0.7609
2024-03-11,0.7676000000000001
2024-03-12,0.7820999999999999
2024-03-13,0.8177
2024-03-14,0.7666
2024-03-15,0.7429000000000001
2024-03-16,0.6868000000000001
2024-03-17,0.7386
2024-03-18,0.6848000000000001
2024-03-19,0.6869
2024-03-20,0.7132999999999999
2024-03-21,0.7933
2024-03-22,0.7618
2024-03-23,0.9133
2024-03-24,0.8419
2024-03-25,0.7976000000000001
2024-03-26,0.7942
2024-03-27,0.8049
2024-03-28,0.8439
2024-03-29,0.7763
2024-03-30,0.7369
2024-03-31,0.7863
2024-04-01,0.7862
2024-04-02,0.8275
2024-04-03,0.8015000000000001
2024-04-04,0.8351999999999999
2024-04-05,0.768
2024-04-06,0.7986
2024-04-07,0.7696999999999999
2024-04-08,0.7156999999999999
2024-04-09,0.7071999999999999
2024-04-10,0.7136
2024-04-11,0.7796
2024-04-12,0.7905
2024-04-13,0.7562000000000001
2024-04-14,0.7387
2024-04-15,0.7425
2024-04-16,0.71
2024-04-17,0.7028
2024-04-18,0.6807
2024-04-19,0.6774
2024-04-20,0.6844
2024-04-21,0.6589
2024-04-22,0.634
2024-04-23,0.6401
2024-04-24,0.6448999999999999
2024-04-25,0.588
2024-04-26,0.584
2024-04-27,0.6132
2024-04-28,0.6151
2024-04-29,0.585
2024-04-30,0.573
2024-05-01,0.574
2024-05-02,0.5519
2024-05-03,0.5536
2024-05-04,0.47369999999999995
2024-05-05,0.528
2024-05-06,0.6122
2024-05-07,0.5864
2024-05-08,0.5453
2024-05-09,0.5113
2024-05-10,0.5105
2024-05-11,0.4244
2024-05-12,0.32689999999999997
2024-05-13,0.4311
2024-05-14,0.43579999999999997
2024-05-15,0.37829999999999997
2024-05-16,0.35409999999999997
2024-05-17,0.4322
2024-05-18,0.4558
2024-05-19,0.41969999999999996
2024-05-20,0.4658
2024-05-21,0.4755
2024-05-22,0.4434
2024-05-23,0.46520000000000006
2024-05-24,0.46799999999999997
2024-05-25,0.40340000000000004
2024-05-26,0.3935
2024-05-27,0.3924
2024-05-28,0.44380000000000003
2024-05-29,0.4682
2024-05-30,0.44170000000000004
2024-05-31,0.4175
2024-06-01,0.5296
2024-06-02,0.5490999999999999
2024-06-03,0.5436
2024-06-04,0.5166
2024-06-05,0.5154
2024-06-06,0.5328
2024-06-07,0.5463
2024-06-08,0.5297
2024-06-09,0.5058
2024-06-10,0.5139
2024-06-11,0.5413
2024-06-12,0.4497
2024-06-13,0.4865
2024-06-14,0.5051
2024-06-15,0.5096
2024-06-16,0.5207999999999999
2024-06-17,0.4379
2024-06-18,0.45289999999999997
2024-06-19,0.5521
2024-06-20,0.5411
2024-06-21,0.5085000000000001
2024-06-22,0.4827
2024-06-23,0.43170000000000003
2024-06-24,0.4006
2024-06-25,0.4586
2024-06-26,0.39740000000000003
2024-06-27,0.3652
2024-06-28,0.3861
2024-06-29,0.36829999999999996
2024-06-30,0.3555
2024-07-01,0.3239
2024-07-02,0.3985
2024-07-03,0.47350000000000003
2024-07-04,0.47450000000000003
2024-07-05,0.4282
2024-07-06,0.44530000000000003
2024-07-07,0.3937
2024-07-08,0.3085
2024-07-09,0.34450000000000003
2024-07-10,0.3592
2024-07-11,0.3326
2024-07-12,0.3691
2024-07-13,0.40990000000000004
2024-07-14,0.41840000000000005
2024-07-15,0.3875
2024-07-16,0.4032
2024-07-17,0.39880000000000004
2024-07-18,0.40630000000000005
2024-07-19,0.40299999999999997
2024-07-20,0.4288
2024-07-21,0.4765
2024-07-22,0.4526
2024-07-23,0.4301
2024-07-24,0.34990000000000004
2024-07-25,0.3556
2024-07-26,0.3737
2024-07-27,0.4525
2024-07-28,0.4443
2024-07-29,0.40509999999999996
2024-07-30,0.3489
2024-07-31,0.38520000000000004
2024-08-01,0.47369999999999995
2024-08-02,0.5127
2024-08-03,0.4622
2024-08-04,0.47619999999999996
2024-08-05,0.47119999999999995
2024-08-06,0.49479999999999996
2024-08-07,0.3583
2024-08-08,0.4053
2024-08-09,0.3379
2024-08-10,0.4658
2024-08-11,0.3513
2024-08-12,0.1602
2024-08-13,0.2108
2024-08-14,0.32159999999999994
2024-08-15,0.40840000000000004
2024-08-16,0.3718
2024-08-17,0.33
2024-08-18,0.2927
2024-08-19,0.2821
2024-08-20,0.2939
2024-08-21,0.3095
2024-08-22,0.26239999999999997
2024-08-23,0.314
2024-08-24,0.3126
2024-08-25,0.3209
2024-08-26,0.4573
2024-08-27,0.35350000000000004
2024-08-28,0.4313
2024-08-29,0.43479999999999996
2024-08-30,0.379
2024-08-31,0.278
2024-09-01,0.24960000000000002
2024-09-02,0.2291
2024-09-03,0.22719999999999999
2024-09-04,0.2072
2024-09-05,0.237
2024-09-06,0.2858
2024-09-07,0.31379999999999997
2024-09-08,0.31420000000000003
2024-09-09,0.2844
2024-09-10,0.2922
2024-09-11,0.3336
2024-09-12,0.31120000000000003
2024-09-13,0.3187
2024-09-14,0.28559999999999997
2024-09-15,0.2633
2024-09-16,0.2867
2024-09-17,0.3046
2024-09-18,0.33880000000000005
2024-09-19,0.3635
2024-09-20,0.3215
2024-09-21,0.2978
2024-09-22,0.2786
2024-09-23,0.3066
2024-09-24,0.31620000000000004
2024-09-25,0.3015
2024-09-26,0.2825
2024-09-27,0.2814
2024-09-28,0.2808
2024-09-29,0.32439999999999997
2024-09-30,0.3574
2024-10-01,0.3035
2024-10-02,0.2952
2024-10-03,0.2651
2024-10-04,0.2305
2024-10-05,0.2659
2024-10-06,0.2708
2024-10-07,0.2907
2024-10-08,0.3272
2024-10-09,0.397
2024-10-10,0.5447
2024-10-11,0.5557
2024-10-12,0.5760000000000001
2024-10-13,0.5659000000000001
2024-10-14,0.5791
2024-10-15,0.7495
2024-10-16,0.7617
2024-10-17,0.6636
2024-10-18,0.7141
2024-10-19,0.7369
2024-10-20,0.7870999999999999
2024-10-21,0.7968000000000001
2024-10-22,0.8306999999999999
2024-10-23,0.7478
2024-10-24,0.7375
2024-10-25,0.8946
2024-10-26,0.7589
2024-10-27,0.7998000000000001
2024-10-28,0.7998000000000001
2024-10-29,0.7928000000000001
2024-10-30,0.8043
2024-10-31,0.7748999999999999
2024-11-01,0.7408
2024-11-02,0.7626000000000001
2024-11-03,0.7903
2024-11-04,0.7895
2024-11-05,0.8592
2024-11-06,0.7953
2024-11-07,0.8109999999999999
2024-11-08,0.8136
2024-11-09,0.8305
2024-11-10,0.7866
2024-11-11,0.7822
2024-11-12,0.8525
2024-11-13,0.8403
2024-11-14,0.8426
2024-11-15,0.8694
2024-11-16,0.8079999999999999
2024-11-17,0.8467
2024-11-18,0.7896
2024-11-19,0.8111
2024-11-20,0.7988
2024-11-21,0.7822
2024-11-22,0.8215
2024-11-23,0.8297
2024-11-24,0.8198000000000001
2024-11-25,0.7857999999999999
2024-11-26,0.8085
2024-11-27,0.8416
2024-11-28,0.8078
2024-11-29,0.8676999999999999
2024-11-30,0.7691
2024-12-01,0.7901
2024-12-02,0.7885
2024-12-03,0.7993000000000001
2024-12-04,0.8415
2024-12-05,0.8034
2024-12-06,0.6688
2024-12-07,0.6305
2024-12-08,0.6271
2024-12-09,0.653
2024-12-10,0.7187
2024-12-11,0.7796
2024-12-12,0.7490000000000001
2024-12-13,0.6547
2024-12-14,0.7432
2024-12-15,0.8156
2024-12-16,0.7492
2024-12-17,0.7509999999999999
2024-12-18,0.7189
2024-12-19,0.7442
2024-12-20,0.7567
2024-12-21,0.7866
2024-12-22,0.7872
2024-12-23,0.7637
2024-12-24,0.833
2024-12-25,0.8314
2024-12-26,0.8558
2024-12-27,0.8323
2024-12-28,0.8026000000000001
2024-12-29,0.8207
2024-12-30,0.7898000000000001
2024-12-31,0.7797
2025-01-01,0.7901
2025-01-02,0.8286
2025-01-03,0.7904000000000001
2025-01-04,0.7667
2025-01-05,0.8070999999999999
2025-01-06,0.794
2025-01-07,0.8064
2025-01-08,0.8631
2025-01-09,0.9079
2025-01-10,0.8049
2025-01-11,0.7613
2025-01-12,0.8098000000000001
2025-01-13,0.7979999999999999
2025-01-14,0.8744
2025-01-15,0.8471
2025-01-16,0.8785
2025-01-17,0.8664000000000001
2025-01-18,0.821
2025-01-19,0.7613
2025-01-20,0.7744
2025-01-21,0.768
2025-01-22,0.7617
2025-01-23,0.765
2025-01-24,0.7271
2025-01-25,0.7054
2025-01-26,0.6981
2025-01-27,0.7045
2025-01-28,0.7602
2025-01-29,0.7559
2025-01-30,0.8215
2025-01-31,0.8111
2025-02-01,0.8373
2025-02-02,0.8256
2025-02-03,0.8096
2025-02-04,0.7478
2025-02-05,0.6903
2025-02-06,0.6602
2025-02-07,0.6523
2025-02-08,0.6587999999999999
2025-02-09,0.7322
2025-02-10,0.6748999999999999
2025-02-11,0.7394
2025-02-12,0.7068000000000001
2025-02-13,0.6725
2025-02-14,0.6279
2025-02-15,0.659
2025-02-16,0.6679999999999999
2025-02-17,0.6496999999999999
2025-02-18,0.5745
2025-02-19,0.5357999999999999
2025-02-20,0.5128
2025-02-21,0.5264
2025-02-22,0.5640999999999999
2025-02-23,0.5896
2025-02-24,0.6336999999999999
2025-02-25,0.6988
2025-02-26,0.6655
2025-02-27,0.6103999999999999
2025-02-28,0.5904
2025-03-01,0.5885
2025-03-02,0.5738
2025-03-03,0.5338
2025-03-04,0.5724
2025-03-05,0.5593
2025-03-06,0.6274000000000001
2025-03-07,0.5439
2025-03-08,0.485
2025-03-09,0.4475
2025-03-10,0.43060000000000004
2025-03-11,0.45049999999999996
2025-03-12,0.5015
2025-03-13,0.5347999999999999
2025-03-14,0.5795
2025-03-15,0.6111
2025-03-16,0.5555
2025-03-17,0.505
2025-03-18,0.5882999999999999
2025-03-19,0.6091
2025-03-20,0.6397999999999999
2025-03-21,0.6872
2025-03-22,0.7143
2025-03-23,0.7472
2025-03-24,0.7592
2025-03-25,0.6905
2025-03-26,0.755
2025-03-27,0.7913
2025-03-28,0.7924
2025-03-29,0.7129000000000001
2025-03-30,0.6595
2025-03-31,0.6214
2025-04-01,0.6299
2025-04-02,0.5982
2025-04-03,0.624
2025-04-04,0.6442
2025-04-05,0.6734
2025-04-06,0.6331
2025-04-07,0.6787000000000001
2025-04-08,0.679
2025-04-09,0.7134
2025-04-10,0.7656000000000001
2025-04-11,0.6346
2025-04-12,0.6128
2025-04-13,0.6731
2025-04-14,0.7021
2025-04-15,0.7573000000000001
2025-04-16,0.7448
2025-04-17,0.7321
2025-04-18,0.7056
2025-04-19,0.6833
2025-04-20,0.6658
2025-04-21,0.63
2025-04-22,0.6229
2025-04-23,0.6606000000000001
2025-04-24,0.6415000000000001
2025-04-25,0.7208
2025-04-26,0.7106999999999999
2025-04-27,0.7362000000000001
2025-04-28,0.7254
2025-04-29,0.7084999999999999
2025-04-30,0.6866
2025-05-01,0.7006
2025-05-02,0.6790999999999999
2025-05-03,0.613
2025-05-04,0.5656
2025-05-05,0.5842
2025-05-06,0.6306
2025-05-07,0.6236999999999999
2025-05-08,0.5886
2025-05-09,0.5418999999999999
2025-05-10,0.5416
2025-05-11,0.5275
2025-05-12,0.4889
2025-05-13,0.5707
2025-05-14,0.5802
2025-05-15,0.5869
2025-05-16,0.569
2025-05-17,0.6035
2025-05-18,0.5104
2025-05-19,0.4863
2025-05-20,0.4694
2025-05-21,0.4755
2025-05-22,0.4758
2025-05-23,0.4508
2025-05-24,0.4314
2025-05-25,0.4495
2025-05-26,0.49369999999999997
2025-05-27,0.4353
2025-05-28,0.4316
2025-05-29,0.4744
2025-05-30,0.5599000000000001
2025-05-31,0.4959
2025-06-01,0.5368999999999999
2025-06-02,0.5821000000000001
2025-06-03,0.5791
2025-06-04,0.5032
2025-06-05,0.4828
2025-06-06,0.4366
2025-06-07,0.3718
2025-06-08,0.35719999999999996
2025-06-09,0.45840000000000003
2025-06-10,0.6596
2025-06-11,0.6103000000000001
2025-06-12,0.5414
2025-06-13,0.7031000000000001
2025-06-14,0.6945
2025-06-15,0.6376
2025-06-16,0.6195
2025-06-17,0.6479
2025-06-18,0.6862999999999999
2025-06-19,0.6293
2025-06-20,0.5704
2025-06-21,0.5194
2025-06-22,0.4647
2025-06-23,0.5036999999999999
2025-06-24,0.6091
2025-06-25,0.5726
2025-06-26,0.6231
2025-06-27,0.5476
2025-06-28,0.561
2025-06-29,0.5044
2025-06-30,0.5126
2025-07-01,0.4269
2025-07-02,0.4412
2025-07-03,0.4988
2025-07-04,0.5471
2025-07-05,0.5821000000000001
2025-07-06,0.514
2025-07-07,0.4765
2025-07-08,0.4635
2025-07-09,0.4353
2025-07-10,0.4524
2025-07-11,0.5239
2025-07-12,0.5355
2025-07-13,0.5664
2025-07-14,0.4984
2025-07-15,0.4631
2025-07-16,0.44409999999999994
2025-07-17,0.4371
2025-07-18,0.4075
2025-07-19,0.38049999999999995
2025-07-20,0.37770000000000004
2025-07-21,0.45189999999999997
2025-07-22,0.4384
2025-07-23,0.408
2025-07-24,0.3579
2025-07-25,0.41450000000000004
2025-07-26,0.3982
2025-07-27,0.3726
2025-07-28,0.408
2025-07-29,0.43439999999999995
2025-07-30,0.3626
2025-07-31,0.3298
2025-08-01,0.4907
2025-08-02,0.4029
2025-08-03,0.35850000000000004
2025-08-04,0.3321
2025-08-05,0.4451
2025-08-06,0.4188
2025-08-07,0.3775
2025-08-08,0.3346
2025-08-09,0.4143
2025-08-10,0.387
2025-08-11,0.2748
2025-08-12,0.23829999999999998
2025-08-13,0.30829999999999996
2025-08-14,0.44909999999999994
2025-08-15,0.3778
2025-08-16,0.3671
2025-08-17,0.34979999999999994
2025-08-18,0.31679999999999997
2025-08-19,0.32189999999999996
2025-08-20,0.35869999999999996
2025-08-21,0.3136
2025-08-22,0.2863
2025-08-23,0.3073
2025-08-24,0.3311
2025-08-25,0.33039999999999997
2025-08-26,0.3243
2025-08-27,0.31679999999999997
2025-08-28,0.306
2025-08-29,0.3283
2025-08-30,0.38689999999999997
2025-08-31,0.3789
2025-09-01,0.3825
2025-09-02,0.4048
2025-09-03,0.45649999999999996
2025-09-04,0.4368
2025-09-05,0.4075
2025-09-06,0.34149999999999997
2025-09-07,0.2468
2025-09-08,0.2364
2025-09-09,0.27
2025-09-10,0.2884
2025-09-11,0.2211
2025-09-12,0.2501
2025-09-13,0.2683
2025-09-14,0.2949
2025-09-15,0.2938
2025-09-16,0.3187
2025-09-17,0.3306
2025-09-18,0.37229999999999996
2025-09-19,0.4457
2025-09-20,0.4829
2025-09-21,0.36329999999999996
2025-09-22,0.4233
2025-09-23,0.49810000000000004
2025-09-24,0.5411
2025-09-25,0.5703
2025-09-26,0.5156000000000001
2025-09-27,0.44079999999999997
2025-09-28,0.3372
2025-09-29,0.25579999999999997
2025-09-30,0.2305
2025-10-01,0.2893
2025-10-02,0.25489999999999996
2025-10-03,0.29
2025-10-04,0.3256
2025-10-05,0.3651
2025-10-06,0.3326
2025-10-07,0.29969999999999997
2025-10-08,0.27
2025-10-09,0.3166
2025-10-10,0.3145
2025-10-11,0.30579999999999996
2025-10-12,0.3635
2025-10-13,0.4913
2025-10-14,0.5401
2025-10-15,0.4963
2025-10-16,0.5395
2025-10-17,0.4534
2025-10-18,0.6106
2025-10-19,0.7242000000000001
2025-10-20,0.7043
2025-10-21,0.6666
2025-10-22,0.6077
2025-10-23,0.5818
2025-10-24,0.5852
2025-10-25,0.5409
2025-10-26,0.5109
2025-10-27,0.5542
2025-10-28,0.5028
2025-10-29,0.4966
2025-10-30,0.49340000000000006
2025-10-31,0.6038
2025-11-01,0.5981000000000001
2025-11-02,0.5818
2025-11-03,0.7925
2025-11-04,0.7105
2025-11-05,0.6455
2025-11-06,0.5781000000000001
2025-11-07,0.6236999999999999
2025-11-08,0.6736
2025-11-09,0.7265999999999999
2025-11-10,0.6744
2025-11-11,0.6904
2025-11-12,0.6068
2025-11-13,0.5695
2025-11-14,0.5252
2025-11-15,0.4885
2025-11-16,0.511
2025-11-17,0.5532
2025-11-18,0.5387
2025-11-19,0.4939
2025-11-20,0.3987
2025-11-21,0.5044
2025-11-22,0.5922
2025-11-23,0.6739
2025-11-24,0.7008
2025-11-25,0.7865000000000001
2025-11-26,0.6534
2025-11-27,0.5687
2025-11-28,0.7149
2025-11-29,0.6142
2025-11-30,0.61
2025-12-01,0.6507999999999999
2025-12-02,0.7227
2025-12-03,0.7445999999999999
2025-12-04,0.8306999999999999
2025-12-05,0.8339
2025-12-06,0.8643000000000001
2025-12-07,0.8445999999999999
2025-12-08,0.877
2025-12-09,0.8675
2025-12-10,0.8442000000000001
2025-12-11,0.8291
2025-12-12,0.8327
2025-12-13,0.8659
2025-12-14,0.8192
2025-12-15,0.8876999999999999
2025-12-16,0.8345
2025-12-17,0.8166
2025-12-18,0.8841
2025-12-19,0.8515
2025-12-20,0.8101999999999999
2025-12-21,0.7532
2025-12-22,0.7568
2025-12-23,0.7479
2025-12-24,0.7365999999999999
2025-12-25,0.6893
2025-12-26,0.6509999999999999
2025-12-27,0.6091
2025-12-28,0.6178
2025-12-29,0.6371
2025-12-30,0.6261
2025-12-31,0.6487999999999999
2026-01-01,0.6196
2026-01-02,0.6915
2026-01-03,0.7664
2026-01-04,0.8545999999999999
2026-01-05,0.7943000000000001
2026-01-06,0.8503000000000001
2026-01-07,0.8408
2026-01-08,0.735
2026-01-09,0.7217
2026-01-10,0.7068000000000001
2026-01-11,0.6776000000000001
2026-01-12,0.7090000000000001
2026-01-13,0.7117
2026-01-14,0.747
2026-01-15,0.7222
2026-01-16,0.6592
2026-01-17,0.5879
2026-01-18,0.6544
2026-01-19,0.7353000000000001
2026-01-20,0.8818
2026-01-21,0.8431000000000001
2026-01-22,0.8332999999999999
2026-01-23,0.8299
2026-01-24,0.8237000000000001
2026-01-25,0.8245999999999999
2026-01-26,0.7618
2026-01-27,0.7336
2026-01-28,0.7472
2026-01-29,0.7479
2026-01-30,0.8178
2026-01-31,0.7992
2026-02-01,0.8395999999999999
2026-02-02,0.8306999999999999
2026-02-03,0.8423
2026-02-04,0.8059000000000001
2026-02-05,0.8459
2026-02-06,0.7909999999999999
2026-02-07,0.7857
2026-02-08,0.8245
2026-02-09,0.8369
2026-02-10,0.8404
2026-02-11,0.8343
2026-02-12,0.8026000000000001
2026-02-13,0.7617
2026-02-14,0.7162999999999999
2026-02-15,0.7001000000000001
2026-02-16,0.6840999999999999
2026-02-17,0.6258
2026-02-18,0.6509
2026-02-19,0.7189
2026-02-20,0.8054000000000001
2026-02-21,0.8137000000000001
2026-02-22,0.8604999999999999
2026-02-23,0.8337
2026-02-24,0.8190000000000001
2026-02-25,0.8151
2026-02-26,0.8536
2026-02-27,0.8351999999999999
2026-02-28,0.7833
2026-03-01,0.6762999999999999
2026-03-02,0.7119
2026-03-03,0.7737
2026-03-04,0.7851
2026-03-05,0.7392
2026-03-06,0.8055
2026-03-07,0.7984
2026-03-08,0.7734000000000001
2026-03-09,0.7944
2026-03-10,0.7576999999999999
2026-03-11,0.7653
2026-03-12,0.8349
2026-03-13,0.7807999999999999
2026-03-14,0.7975
2026-03-15,0.7658
2026-03-16,0.7495
2026-03-17,0.8190999999999999
2026-03-18,0.8205
2026-03-19,0.8170000000000001
2026-03-20,0.8151999999999999
2026-03-21,0.8162999999999999
2026-03-22,0.8166
2026-03-23,0.7587999999999999
2026-03-24,0.6862
2026-03-25,0.7903
2026-03-26,0.8406
2026-03-27,0.7818999999999999
2026-03-28,0.725
2026-03-29,0.7275
2026-03-30,0.6828
2026-03-31,0.6892
2026-04-01,0.7008
2026-04-02,0.8019
2026-04-03,0.7734000000000001
2026-04-04,0.6960999999999999
2026-04-05,0.7573000000000001
2026-04-06,0.7253000000000001
2026-04-07,0.7399
2026-04-08,0.7126
2026-04-09,0.7376999999999999
2026-04-10,0.7104
2026-04-11,0.7023999999999999
2026-04-12,0.701
2026-04-13,0.765
2026-04-14,0.6977
2026-04-15,0.7239
2026-04-16,0.7256999999999999
2026-04-17,0.7211
2026-04-18,0.6364
2026-04-19,0.5777
2026-04-20,0.612
2026-04-21,0.6212
2026-04-22,0.6363
2026-04-23,0.608
2026-04-24,0.5802
2026-04-25,0.5903
2026-04-26,0.5869
2026-04-27,0.6125
2026-04-28,0.5683
2026-04-29,0.531
2026-04-30,0.556
2026-05-01,0.7338
2026-05-02,0.7240000000000001
2026-05-03,0.7047
2026-05-04,0.7084
2026-05-05,0.6973999999999999
2026-05-06,0.7459
2026-05-07,0.7234
2026-05-08,0.6616
2026-05-09,0.6368
2026-05-10,0.6143
2026-05-11,0.7082999999999999
2026-05-12,0.6909000000000001
2026-05-13,0.6655
2026-05-14,0.6365
2026-05-15,0.6431
2026-05-16,0.6513
2026-05-17,
2026-05-18,
2026-05-19,
2026-05-20,0.6873999999999999
2026-05-21,0.7189
2026-05-22,0.725
2026-05-23,0.7684000000000001
2026-05-24,0.7503
2026-05-25,0.7134999999999999
2026-05-26,0.6372
2026-05-27,0.6383
2026-05-28,0.6864
2026-05-29,0.7214
2026-05-30,0.7263
2026-05-31,
2026-06-01,
2026-06-02,
